,Genus_and_species,superkingdom,phylum,class,order,family,genus,GC_genome,genome_size,GC_16SrRNA,Tmin,Topt_ave,Topt_low,Topt_high,Tmax,Trange
48,Acidianus infernus,Archaea,Crenarchaeota,Thermoprotei,Sulfolobales,Sulfolobaceae,Acidianus,31,,64,65,90,,,96,31
49,Acidianus manzaensis,Archaea,Crenarchaeota,Thermoprotei,Sulfolobales,Sulfolobaceae,Acidianus,30.6,2.7,61.4,60,80,,,90,30
50,Acidianus ambivalens,Archaea,Crenarchaeota,Thermoprotei,Sulfolobales,Sulfolobaceae,Acidianus,34.2,2.3,63.7,70,80,,,87,17
51,Acidianus sulfidivorans,Archaea,Crenarchaeota,Thermoprotei,Sulfolobales,Sulfolobaceae,Acidianus,31.1,2.3,60.7,45,74,,,83,38
52,Acidianus tengchongensis,Archaea,Crenarchaeota,Thermoprotei,Sulfolobales,Sulfolobaceae,Acidianus,38,,60.6,55,70,,,80,25
53,Acidianus brierleyi,Archaea,Crenarchaeota,Thermoprotei,Sulfolobales,Sulfolobaceae,Acidianus,31.9,2.9,60.4,45,70,,,75,30
65,Acidilobus aceticus,Archaea,Crenarchaeota,Thermoprotei,Acidilobales,Acidilobaceae,Acidilobus,53.8,,66.1,60,85,,,92,32
66,Acidilobus saccharovorans,Archaea,Crenarchaeota,Thermoprotei,Acidilobales,Acidilobaceae,Acidilobus,57.2,1.5,67.3,60,82.5,80,85,90,30
67,Acidilobus sulfurireducens,Archaea,Crenarchaeota,Thermoprotei,Acidilobales,Acidilobaceae,Acidilobus,59.9,,67.7,62,81,,,89,27
77,Acidiplasma aeolicum,Archaea,Euryarchaeota,Thermoplasmata,Thermoplasmatales,Ferroplasmaceae,Acidiplasma,36,,51.8,15,45,,,65,50
78,Acidiplasma cupricumulans,Archaea,Euryarchaeota,Thermoplasmata,Thermoplasmatales,Ferroplasmaceae,Acidiplasma,36,,51.8,22,53.6,,,63,41
104,Aciduliprofundum boonei,Archaea,Euryarchaeota,,,,Aciduliprofundum,39.2,1.5,62,55,70,,,75,20
255,Aeropyrum pernix,Archaea,Crenarchaeota,Thermoprotei,Desulfurococcales,Desulfurococcaceae,Aeropyrum,56.3,1.7,67.7,70,92.5,,,100,30
256,Aeropyrum camini,Archaea,Crenarchaeota,Thermoprotei,Desulfurococcales,Desulfurococcaceae,Aeropyrum,56.7,1.6,65.8,70,85,,,97,27
738,Archaeoglobus fulgidus,Archaea,Euryarchaeota,Archaeoglobi,Archaeoglobales,Archaeoglobaceae,Archaeoglobus,48.6,2.2,63.9,60,83,,,90,30
739,Archaeoglobus profundus,Archaea,Euryarchaeota,Archaeoglobi,Archaeoglobales,Archaeoglobaceae,Archaeoglobus,42,1.6,65.1,65,82,,,90,25
740,Archaeoglobus lithotrophicus,Archaea,Euryarchaeota,Archaeoglobi,Archaeoglobales,Archaeoglobaceae,Archaeoglobus,40,,64.1,55,80,,,87,32
741,Archaeoglobus veneficus,Archaea,Euryarchaeota,Archaeoglobi,Archaeoglobales,Archaeoglobaceae,Archaeoglobus,47,1.9,58.7,65,80,,,85,20
742,Archaeoglobus sulfaticallidus,Archaea,Euryarchaeota,Archaeoglobi,Archaeoglobales,Archaeoglobaceae,Archaeoglobus,43.2,2.1,62.1,60,75,,,80,20
743,Archaeoglobus infectus,Archaea,Euryarchaeota,Archaeoglobi,Archaeoglobales,Archaeoglobaceae,Archaeoglobus,45.9,,62.7,60,70,,,75,15
1362,Caldisphaera lagunensis,Archaea,Crenarchaeota,Thermoprotei,Acidilobales,Caldisphaeraceae,Caldisphaera,30,1.5,61.7,45,72.5,70,75,80,35
1363,Caldisphaera draconis,Archaea,Crenarchaeota,Thermoprotei,Acidilobales,Caldisphaeraceae,Caldisphaera,53.9,,61.7,60,71,70,72,79,19
1369,Caldivirga maquilingensis,Archaea,Crenarchaeota,Thermoprotei,Thermoproteales,Thermoproteaceae,Caldivirga,43.1,2.1,65.7,60,85,,,92,32
1774,Conexivisphaera calidus,Archaea,Candidatus Geothermarchaeota,,,,Conexivisphaera,62.1,,63.3,60,65,,,70,10
1840,Cuniculiplasma divulgatum,Archaea,Euryarchaeota,Thermoplasmata,Thermoplasmatales,Cuniculiplasmataceae,Cuniculiplasma,37.2,1.9,53.8,10,38.5,37,40,48,38
2101,Desulfurococcus amylolyticus,Archaea,Crenarchaeota,Thermoprotei,Desulfurococcales,Desulfurococcaceae,Desulfurococcus,44.8,1.4,65.5,68,91,90,92,97,29
2356,Ferroglobus placidus,Archaea,Euryarchaeota,Archaeoglobi,Archaeoglobales,Archaeoglobaceae,Ferroglobus,44.1,2.2,65.9,65,85,,,95,30
2357,Ferroplasma thermophilum,Archaea,Euryarchaeota,Thermoplasmata,Thermoplasmatales,Ferroplasmaceae,Ferroplasma,34.1,,51.6,30,45,,,60,30
2358,Ferroplasma acidarmanus,Archaea,Euryarchaeota,Thermoplasmata,Thermoplasmatales,Ferroplasmaceae,Ferroplasma,36.5,1.9,51.2,23,42,,,46,23
2359,Ferroplasma acidiphilum,Archaea,Euryarchaeota,Thermoplasmata,Thermoplasmatales,Ferroplasmaceae,Ferroplasma,36.5,1.8,51,20,35,,,45,25
2369,Fervidicoccus fontis,Archaea,Crenarchaeota,Thermoprotei,Fervidicoccales,Fervidicoccaceae,Fervidicoccus,37.5,1.3,62.4,55,67.5,65,70,85,30
2759,Geogemma barossii,Archaea,Crenarchaeota,Thermoprotei,Desulfurococcales,Pyrodictiaceae,Geogemma,,,,85,106,,,121,36
2760,Geoglobus ahangari,Archaea,Euryarchaeota,Archaeoglobi,Archaeoglobales,Archaeoglobaceae,Geoglobus,53.1,1.8,64.5,65,88,,,90,25
2761,Geoglobus acetivorans,Archaea,Euryarchaeota,Archaeoglobi,Archaeoglobales,Archaeoglobaceae,Geoglobus,46.8,1.9,63.6,50,81,,,85,35
2914,Haladaptatus litoreus,Archaea,Euryarchaeota,Halobacteria,Halobacteriales,Halobacteriaceae,Haladaptatus,54,,56.9,25,38.5,37,40,55,30
2915,Haladaptatus cibarius,Archaea,Euryarchaeota,Halobacteria,Halobacteriales,Halobacteriaceae,Haladaptatus,56.5,,57.3,15,37,,,50,35
2916,Haladaptatus pallidirubidus,Archaea,Euryarchaeota,Halobacteria,Halobacteriales,Halobacteriaceae,Haladaptatus,57.4,,57.7,25,39.5,37,42,50,25
2917,Haladaptatus paucihalophilus,Archaea,Euryarchaeota,Halobacteria,Halobacteriales,Halobacteriaceae,Haladaptatus,60.5,,57.1,25,40,,,45,20
2919,Halalkalicoccus paucihalophilus,Archaea,Euryarchaeota,Halobacteria,Halobacteriales,Halobacteriaceae,Halalkalicoccus,60.4,,58.7,16,37,,,50,34
2920,Halalkalicoccus jeotgali,Archaea,Euryarchaeota,Halobacteria,Halobacteriales,Halobacteriaceae,Halalkalicoccus,62.6,3.7,59.2,21,41,37,45,50,29
2921,Halalkalicoccus tibetensis,Archaea,Euryarchaeota,Halobacteria,Halobacteriales,Halobacteriaceae,Halalkalicoccus,61.5,,58.8,23,40,,,47,24
2938,Halapricum salinum,Archaea,Euryarchaeota,Halobacteria,Halobacteriales,Haloarculaceae,Halapricum,63.7,3.5,58.5,30,37,,,45,15
2939,Halarchaeum nitratireducens,Archaea,Euryarchaeota,Halobacteria,Halobacteriales,Halobacteriaceae,Halarchaeum,61.2,,57.7,18,45,,,55,37
2940,Halarchaeum solikamskense,Archaea,Euryarchaeota,Halobacteria,Halobacteriales,Halobacteriaceae,Halarchaeum,66.4,,57.5,25,42.5,35,50,55,30
2941,Halarchaeum grantii,Archaea,Euryarchaeota,Halobacteria,Halobacteriales,Halobacteriaceae,Halarchaeum,65.2,,57.7,35,45,,,50,15
2942,Halarchaeum rubridurum,Archaea,Euryarchaeota,Halobacteria,Halobacteriales,Halobacteriaceae,Halarchaeum,63.2,,58.1,20,42.5,40,45,50,30
2943,Halarchaeum acidiphilum,Archaea,Euryarchaeota,Halobacteria,Halobacteriales,Halobacteriaceae,Halarchaeum,61.4,,57.3,15,37,,,45,30
2944,Halarchaeum salinum,Archaea,Euryarchaeota,Halobacteria,Halobacteriales,Halobacteriaceae,Halarchaeum,59.3,,57.2,15,42,,,42,27
2946,Halegenticoccus soli,Archaea,Euryarchaeota,Halobacteria,Haloferacales,Haloferacaceae,Halegenticoccus,66.9,,59.3,25,37,,,50,25
2960,Haloarchaeobius iranensis,Archaea,Euryarchaeota,Halobacteria,Halobacteriales,Halobacteriaceae,Haloarchaeobius,67.7,,57.4,25,40,,,55,30
2961,Haloarchaeobius salinus,Archaea,Euryarchaeota,Halobacteria,Halobacteriales,Halobacteriaceae,Haloarchaeobius,63.7,,58.1,25,37,,,50,25
2962,Haloarchaeobius amylolyticus,Archaea,Euryarchaeota,Halobacteria,Halobacteriales,Halobacteriaceae,Haloarchaeobius,65.3,,56.8,25,37,,,50,25
2963,Haloarchaeobius litoreus,Archaea,Euryarchaeota,Halobacteria,Halobacteriales,Halobacteriaceae,Haloarchaeobius,67.7,,57.4,25,37,,,50,25
2964,Haloarchaeobius baliensis,Archaea,Euryarchaeota,Halobacteria,Halobacteriales,Halobacteriaceae,Haloarchaeobius,67.2,,57.6,20,43,42,44,48,28
2965,Haloarcula quadrata,Archaea,Euryarchaeota,Halobacteria,Halobacteriales,Haloarculaceae,Haloarcula,60.1,,56.8,30,53,,,53,23
2966,Haloarcula amylolytica,Archaea,Euryarchaeota,Halobacteria,Halobacteriales,Haloarculaceae,Haloarcula,62.4,,57,20,41,,,52,32
2967,Haloarcula argentinensis,Archaea,Euryarchaeota,Halobacteria,Halobacteriales,Haloarculaceae,Haloarcula,62,,57,20,45,,,50,30
2968,Haloarcula hispanica,Archaea,Euryarchaeota,Halobacteria,Halobacteriales,Haloarculaceae,Haloarcula,62.5,3.9,55.8,25,40,,,50,25
2969,Haloarcula japonica,Archaea,Euryarchaeota,Halobacteria,Halobacteriales,Haloarculaceae,Haloarcula,63.3,,54.3,24,45,,,45,21
2970,Haloarcula vallismortis,Archaea,Euryarchaeota,Halobacteria,Halobacteriales,Haloarculaceae,Haloarcula,64.7,,57.4,20,40,,,45,25
2971,Haloarcula salaria,Archaea,Euryarchaeota,Halobacteria,Halobacteriales,Haloarculaceae,Haloarcula,61.6,,56.8,15,37,,,45,30
2972,Haloarcula tradensis,Archaea,Euryarchaeota,Halobacteria,Halobacteriales,Haloarculaceae,Haloarcula,62.2,,57.8,15,37,,,45,30
2993,Halobacterium salinarum,Archaea,Euryarchaeota,Halobacteria,Halobacteriales,Halobacteriaceae,Halobacterium,65.9,2.6,58.3,20,50,,,55,35
2994,Halobacterium jilantaiense,Archaea,Euryarchaeota,Halobacteria,Halobacteriales,Halobacteriaceae,Halobacterium,64.2,,57.7,22,40,,,55,33
2995,Halobacterium hubeiense,Archaea,Euryarchaeota,Halobacteria,Halobacteriales,Halobacteriaceae,Halobacterium,66.6,3.1,58.3,22,45,,,50,28
2996,Halobacterium noricense,Archaea,Euryarchaeota,Halobacteria,Halobacteriales,Halobacteriaceae,Halobacterium,54.4,,58.2,28,45,,,50,22
2997,Halobacterium litoreum,Archaea,Euryarchaeota,Halobacteria,Halobacteriales,Halobacteriaceae,Halobacterium,66.7,,58.6,20,35,,,50,30
2998,Halobacterium rubrum,Archaea,Euryarchaeota,Halobacteria,Halobacteriales,Halobacteriaceae,Halobacterium,69.2,,58.7,20,36,35,37,50,30
2999,Halobaculum magnesiiphilum,Archaea,Euryarchaeota,Halobacteria,Haloferacales,Halorubraceae,Halobaculum,67,,58.8,25,45,,,55,30
3000,Halobaculum roseum,Archaea,Euryarchaeota,Halobacteria,Haloferacales,Halorubraceae,Halobaculum,65.9,,58.9,25,40,,,50,25
3001,Halobellus limi,Archaea,Euryarchaeota,Halobacteria,Haloferacales,Haloferacaceae,Halobellus,65.9,3.7,57.3,25,45,,,55,30
3002,Halobellus rufus,Archaea,Euryarchaeota,Halobacteria,Haloferacales,Haloferacaceae,Halobellus,67,,57.4,20,37,,,55,35
3003,Halobellus ramosii,Archaea,Euryarchaeota,Halobacteria,Haloferacales,Haloferacaceae,Halobellus,61.4,,58.1,25,37,,,50,25
3004,Halobellus rarus,Archaea,Euryarchaeota,Halobacteria,Haloferacales,Haloferacaceae,Halobellus,66.1,,57.3,20,37,,,50,30
3005,Halobellus inordinatus,Archaea,Euryarchaeota,Halobacteria,Haloferacales,Haloferacaceae,Halobellus,65.8,,58.6,20,37,,,50,30
3006,Halobellus litoreus,Archaea,Euryarchaeota,Halobacteria,Haloferacales,Haloferacaceae,Halobellus,66.8,,57.1,25,37,,,50,25
3007,Halobellus clavatus,Archaea,Euryarchaeota,Halobacteria,Haloferacales,Haloferacaceae,Halobellus,61.9,,58.1,25,37,,,50,25
3008,Halobellus salinus,Archaea,Euryarchaeota,Halobacteria,Haloferacales,Haloferacaceae,Halobellus,67,,58.8,25,37,,,45,20
3009,Halobiforma lacisalsi,Archaea,Euryarchaeota,Halobacteria,Natrialbales,Natrialbaceae,Halobiforma,65.2,4.4,59.1,24,43.5,42,45,57,33
3010,Halobiforma nitratireducens,Archaea,Euryarchaeota,Halobacteria,Natrialbales,Natrialbaceae,Halobiforma,66.9,,58.9,26,38.5,36,41,44,18
3011,Halobium salinum,Archaea,Euryarchaeota,Halobacteria,Haloferacales,Halorubraceae,Halobium,68.9,,57.6,20,37,,,50,30
3012,Halobium palmae,Archaea,Euryarchaeota,Halobacteria,Haloferacales,Halorubraceae,Halobium,67,,58.9,20,39.5,38,41,48,28
3013,Halocalculus aciditolerans,Archaea,Euryarchaeota,Halobacteria,Halobacteriales,Halobacteriaceae,Halocalculus,68.5,,57.6,20,40,,,60,40
3015,Halococcus salifodinae,Archaea,Euryarchaeota,Halobacteria,Halobacteriales,Halococcaceae,Halococcus,62,,59.6,28,40,,,50,22
3016,Halococcus dombrowskii,Archaea,Euryarchaeota,Halobacteria,Halobacteriales,Halococcaceae,Halococcus,61.3,,58.9,28,38.5,37,40,50,22
3017,Halococcus agarilyticus,Archaea,Euryarchaeota,Halobacteria,Halobacteriales,Halococcaceae,Halococcus,63,,59.9,22,42,,,47,25
3018,Halococcus thailandensis,Archaea,Euryarchaeota,Halobacteria,Halobacteriales,Halococcaceae,Halococcus,60.8,,58.8,15,37,,,45,30
3019,Halococcus salsus,Archaea,Euryarchaeota,Halobacteria,Halobacteriales,Halococcaceae,Halococcus,66.5,,58.4,20,39,38,40,45,25
3020,Halococcus qingdaonensis,Archaea,Euryarchaeota,Halobacteria,Halobacteriales,Halococcaceae,Halococcus,61.2,,59.2,26,37.5,35,40,45,19
3021,Halococcus saccharolyticus,Archaea,Euryarchaeota,Halobacteria,Halobacteriales,Halococcaceae,Halococcus,63.4,,59.3,28,37,,,42,14
3022,Halococcus sediminicola,Archaea,Euryarchaeota,Halobacteria,Halobacteriales,Halococcaceae,Halococcus,66,,59.2,25,37.5,35,40,40,15
3027,Haloferax elongans,Archaea,Euryarchaeota,Halobacteria,Haloferacales,Haloferacaceae,Haloferax,61.4,,56.9,30,53,,,55,25
3028,Haloferax denitrificans,Archaea,Euryarchaeota,Halobacteria,Haloferacales,Haloferacaceae,Haloferax,66.3,,56.6,30,50,,,55,25
3029,Haloferax volcanii,Archaea,Euryarchaeota,Halobacteria,Haloferacales,Haloferacaceae,Haloferax,65.5,4,56.9,20,45,,,55,35
3030,Haloferax gibbonsii,Archaea,Euryarchaeota,Halobacteria,Haloferacales,Haloferacaceae,Haloferax,66.2,3.9,56.2,25,40,,,55,30
3031,Haloferax alexandrinus,Archaea,Euryarchaeota,Halobacteria,Haloferacales,Haloferacaceae,Haloferax,59.5,,56.8,20,37,,,55,35
3032,Haloferax mediterranei,Archaea,Euryarchaeota,Halobacteria,Haloferacales,Haloferacaceae,Haloferax,60.3,3.9,56.3,20,50.5,47,54,55,35
3033,Haloferax mucosum,Archaea,Euryarchaeota,Halobacteria,Haloferacales,Haloferacaceae,Haloferax,60.8,,56.5,23,47.5,42,53,55,32
3034,Haloferax larsenii,Archaea,Euryarchaeota,Halobacteria,Haloferacales,Haloferacaceae,Haloferax,62.2,,57.2,25,43.5,42,45,55,30
3035,Haloferax prahovense,Archaea,Euryarchaeota,Halobacteria,Haloferacales,Haloferacaceae,Haloferax,63.7,,56.8,23,43,38,48,51,28
3036,Haloferax chudinovii,Archaea,Euryarchaeota,Halobacteria,Haloferacales,Haloferacaceae,Haloferax,65,,57,23,42.5,40,45,51,28
3037,Haloferax sulfurifontis,Archaea,Euryarchaeota,Halobacteria,Haloferacales,Haloferacaceae,Haloferax,60.5,,56.8,18,34.5,32,37,50,32
3038,Haloferax massiliensis,Archaea,Euryarchaeota,Halobacteria,Haloferacales,Haloferacaceae,Haloferax,65.4,,57.2,25,37,,,45,20
3039,Haloferax lucentense,Archaea,Euryarchaeota,Halobacteria,Haloferacales,Haloferacaceae,Haloferax,64.5,,56.6,10,37,,,45,35
3040,Haloferax namakaokahaiae,Archaea,Euryarchaeota,Halobacteria,Haloferacales,Haloferacaceae,Haloferax,61.5,,56.9,25,30,,,40,15
3049,Halogeometricum rufum,Archaea,Euryarchaeota,Halobacteria,Haloferacales,Haloferacaceae,Halogeometricum,64.9,,57.3,25,41,40,42,55,30
3050,Halogeometricum borinquense,Archaea,Euryarchaeota,Halobacteria,Haloferacales,Haloferacaceae,Halogeometricum,60,3.9,56.9,22,40,,,50,28
3051,Halogeometricum limi,Archaea,Euryarchaeota,Halobacteria,Haloferacales,Haloferacaceae,Halogeometricum,61.2,,57.2,20,37,,,50,30
3052,Halogeometricum pallidum,Archaea,Euryarchaeota,Halobacteria,Haloferacales,Haloferacaceae,Halogeometricum,65.4,,57.7,25,30,,,45,20
3054,Halogranum salarium,Archaea,Euryarchaeota,Halobacteria,Haloferacales,Haloferacaceae,Halogranum,64.4,,57.3,15,37,,,50,35
3055,Halogranum gelatinilyticum,Archaea,Euryarchaeota,Halobacteria,Haloferacales,Haloferacaceae,Halogranum,55.7,,57.4,20,37,,,50,30
3056,Halogranum amylolyticum,Archaea,Euryarchaeota,Halobacteria,Haloferacales,Haloferacaceae,Halogranum,64,,57.7,20,37,,,50,30
3057,Halogranum rubrum,Archaea,Euryarchaeota,Halobacteria,Haloferacales,Haloferacaceae,Halogranum,55.7,,57.4,20,37,,,50,30
3058,Halohasta litorea,Archaea,Euryarchaeota,Halobacteria,Haloferacales,Halorubraceae,Halohasta,62.4,,56.9,25,40,,,50,25
3059,Halohasta litchfieldiae,Archaea,Euryarchaeota,Halobacteria,Haloferacales,Halorubraceae,Halohasta,58.9,3.3,56.3,25,30,,,45,20
3064,Halolamina litorea,Archaea,Euryarchaeota,Halobacteria,Haloferacales,Halorubraceae,Halolamina,61.4,,58.4,20,37,,,50,30
3065,Halolamina rubra,Archaea,Euryarchaeota,Halobacteria,Haloferacales,Halorubraceae,Halolamina,65.1,,58.5,20,37,,,50,30
3066,Halolamina pelagica,Archaea,Euryarchaeota,Halobacteria,Haloferacales,Halorubraceae,Halolamina,64.8,,58.6,25,37,,,50,25
3067,Halolamina salina,Archaea,Euryarchaeota,Halobacteria,Haloferacales,Halorubraceae,Halolamina,66.2,,59.2,20,39.5,37,42,50,30
3068,Halolamina salifodinae,Archaea,Euryarchaeota,Halobacteria,Haloferacales,Halorubraceae,Halolamina,65.4,,58.1,20,39.5,37,42,45,25
3069,Halolamina sediminis,Archaea,Euryarchaeota,Halobacteria,Haloferacales,Halorubraceae,Halolamina,68,,58.9,25,38.5,37,40,45,20
3070,Halomarina salina,Archaea,Euryarchaeota,Halobacteria,Halobacteriales,Halobacteriaceae,Halomarina,67.1,,59.4,20,30,,,55,35
3071,Halomarina rubra,Archaea,Euryarchaeota,Halobacteria,Halobacteriales,Halobacteriaceae,Halomarina,64.6,,58.7,20,37,,,50,30
3072,Halomarina oriensis,Archaea,Euryarchaeota,Halobacteria,Halobacteriales,Halobacteriaceae,Halomarina,67.7,,58.8,20,37,,,42,22
3073,Halomicroarcula pellucida,Archaea,Euryarchaeota,Halobacteria,Halobacteriales,Haloarculaceae,Halomicroarcula,64.1,,58.5,25,40,,,55,30
3074,Halomicroarcula limicola,Archaea,Euryarchaeota,Halobacteria,Halobacteriales,Haloarculaceae,Halomicroarcula,64,,59.2,20,37,,,50,30
3075,Halomicroarcula salina,Archaea,Euryarchaeota,Halobacteria,Halobacteriales,Haloarculaceae,Halomicroarcula,64.5,,58.4,20,37,,,50,30
3076,Halomicrobium zhouii,Archaea,Euryarchaeota,Halobacteria,Halobacteriales,Haloarculaceae,Halomicrobium,69.1,,58.8,20,42,,,55,35
3077,Halomicrobium katesii,Archaea,Euryarchaeota,Halobacteria,Halobacteriales,Haloarculaceae,Halomicrobium,52.4,,57.6,35,38.5,37,40,50,15
3078,Halomicrococcus hydrotolerans,Archaea,Euryarchaeota,Halobacteria,Halobacteriales,Halobacteriaceae,Halomicrococcus,62.9,,58.7,20,37,,,55,35
3165,Halonotius roseus,Archaea,Euryarchaeota,Halobacteria,Haloferacales,Halorubraceae,Halonotius,62.7,,57.2,25,37,,,50,25
3166,Halonotius terrestris,Archaea,Euryarchaeota,Halobacteria,Haloferacales,Halorubraceae,Halonotius,61.9,,57.2,25,37,,,50,25
3167,Halonotius pteroides,Archaea,Euryarchaeota,Halobacteria,Haloferacales,Halorubraceae,Halonotius,58,,56.9,25,45,,,45,20
3168,Haloparvum alkalitolerans,Archaea,Euryarchaeota,Halobacteria,Haloferacales,Halorubraceae,Haloparvum,70.1,,58.2,20,47.5,45,50,55,35
3169,Haloparvum sedimenti,Archaea,Euryarchaeota,Halobacteria,Haloferacales,Halorubraceae,Haloparvum,68.2,,58.2,25,42,,,50,25
3170,Halopelagius longus,Archaea,Euryarchaeota,Halobacteria,Haloferacales,Haloferacaceae,Halopelagius,64.6,,57.1,20,48,,,55,35
3171,Halopelagius fulvigenes,Archaea,Euryarchaeota,Halobacteria,Haloferacales,Haloferacaceae,Halopelagius,66.3,,57.4,20,39.5,37,42,55,35
3172,Halopelagius inordinatus,Archaea,Euryarchaeota,Halobacteria,Haloferacales,Haloferacaceae,Halopelagius,61,,56.7,20,37,,,50,30
3173,Halopenitus malekzadehii,Archaea,Euryarchaeota,Halobacteria,Haloferacales,Halorubraceae,Halopenitus,63.8,,59.3,30,40,,,50,20
3174,Halopenitus persicus,Archaea,Euryarchaeota,Halobacteria,Haloferacales,Halorubraceae,Halopenitus,66,3.1,58.8,25,40,,,50,25
3175,Halopenitus salinus,Archaea,Euryarchaeota,Halobacteria,Haloferacales,Halorubraceae,Halopenitus,65,,60.2,20,37,,,50,30
3177,Halopiger goleimassiliensis,Archaea,Euryarchaeota,Halobacteria,Natrialbales,Natrialbaceae,Halopiger,66.1,,59.1,40,55,,,60,20
3178,Halopiger thermotolerans,Archaea,Euryarchaeota,Halobacteria,Natrialbales,Natrialbaceae,Halopiger,63.5,,59.2,35,45,,,60,25
3179,Halopiger djelfimassiliensis,Archaea,Euryarchaeota,Halobacteria,Natrialbales,Natrialbaceae,Halopiger,64.3,,58,37,40,,,55,18
3180,Halopiger salifodinae,Archaea,Euryarchaeota,Halobacteria,Natrialbales,Natrialbaceae,Halopiger,62.5,,59,25,41,37,45,50,25
3181,Halopiger xanaduensis,Archaea,Euryarchaeota,Halobacteria,Natrialbales,Natrialbaceae,Halopiger,65.2,4.4,58.8,28,37,,,45,17
3182,Haloplanus rallus,Archaea,Euryarchaeota,Halobacteria,Haloferacales,Haloferacaceae,Haloplanus,66.6,3.6,59,15,37,,,55,40
3183,Haloplanus natans,Archaea,Euryarchaeota,Halobacteria,Haloferacales,Haloferacaceae,Haloplanus,66.2,,57.9,37,40,,,52,15
3184,Haloplanus vescus,Archaea,Euryarchaeota,Halobacteria,Haloferacales,Haloferacaceae,Haloplanus,62.1,,57.5,30,40,,,50,20
3185,Haloplanus salinarum,Archaea,Euryarchaeota,Halobacteria,Haloferacales,Haloferacaceae,Haloplanus,66.2,,58.9,25,37,,,50,25
3186,Haloplanus salinus,Archaea,Euryarchaeota,Halobacteria,Haloferacales,Haloferacaceae,Haloplanus,67.2,,58.8,20,37,,,50,30
3187,Haloplanus litoreus,Archaea,Euryarchaeota,Halobacteria,Haloferacales,Haloferacaceae,Haloplanus,65.8,,58.3,25,37,,,50,25
3188,Haloplanus aerogenes,Archaea,Euryarchaeota,Halobacteria,Haloferacales,Haloferacaceae,Haloplanus,65.7,3.5,57.8,25,38.5,37,40,50,25
3189,Haloplanus ruber,Archaea,Euryarchaeota,Halobacteria,Haloferacales,Haloferacaceae,Haloplanus,66,,58.2,25,37,,,45,20
3193,Haloprofundus halophilus,Archaea,Euryarchaeota,Halobacteria,Haloferacales,Haloferacaceae,Haloprofundus,65.3,,57,25,37,,,50,25
3194,Haloprofundus marisrubri,Archaea,Euryarchaeota,Halobacteria,Haloferacales,Haloferacaceae,Haloprofundus,62.5,,56.9,15,34,33,35,45,30
3195,Haloquadratum walsbyi,Archaea,Euryarchaeota,Halobacteria,Haloferacales,Haloferacaceae,Haloquadratum,47.7,3.3,56.8,25,45,,,45,20
3196,Halorhabdus rudnickae,Archaea,Euryarchaeota,Halobacteria,Halobacteriales,Haloarculaceae,Halorhabdus,61.2,,60.2,20,40,,,57.5,37.5
3197,Halorhabdus utahensis,Archaea,Euryarchaeota,Halobacteria,Halobacteriales,Haloarculaceae,Halorhabdus,62.9,3.1,59.7,17,50,,,55,38
3198,Halorhabdus tiamatea,Archaea,Euryarchaeota,Halobacteria,Halobacteriales,Haloarculaceae,Halorhabdus,62.8,3.1,59.8,15,45,44,46,55,40
3199,Halorientalis persicus,Archaea,Euryarchaeota,Halobacteria,Halobacteriales,Haloarculaceae,Halorientalis,62.8,,59.4,30,40,,,50,20
3200,Halorientalis brevis,Archaea,Euryarchaeota,Halobacteria,Halobacteriales,Haloarculaceae,Halorientalis,61.3,,59.1,25,37,,,50,25
3201,Halorientalis regularis,Archaea,Euryarchaeota,Halobacteria,Halobacteriales,Haloarculaceae,Halorientalis,61.9,,59.3,20,37,,,50,30
3202,Halorubellus salinus,Archaea,Euryarchaeota,Halobacteria,Halobacteriales,Halobacteriaceae,Halorubellus,67.3,,57.7,25,37,,,50,25
3203,Halorubellus litoreus,Archaea,Euryarchaeota,Halobacteria,Halobacteriales,Halobacteriaceae,Halorubellus,67.2,,58.1,25,37,,,50,25
3204,Halorubrum lipolyticum,Archaea,Euryarchaeota,Halobacteria,Haloferacales,Halorubraceae,Halorubrum,65.9,,58.3,25,46.5,45,48,58,33
3205,Halorubrum coriense,Archaea,Euryarchaeota,Halobacteria,Haloferacales,Halorubraceae,Halorubrum,67,,58.1,30,50,,,56,26
3206,Halorubrum saccharovorum,Archaea,Euryarchaeota,Halobacteria,Haloferacales,Halorubraceae,Halorubrum,71.2,,58.2,30,50,,,56,26
3207,Halorubrum arcis,Archaea,Euryarchaeota,Halobacteria,Haloferacales,Halorubraceae,Halorubrum,65.7,,58.4,25,42,,,55,30
3208,Halorubrum rutilum,Archaea,Euryarchaeota,Halobacteria,Haloferacales,Halorubraceae,Halorubrum,66.2,,59.1,20,37,,,55,35
3209,Halorubrum sfaxense,Archaea,Euryarchaeota,Halobacteria,Haloferacales,Halorubraceae,Halorubrum,65.1,,58.5,20,37,,,55,35
3210,Halorubrum kocurii,Archaea,Euryarchaeota,Halobacteria,Haloferacales,Halorubraceae,Halorubrum,69.4,,58.4,25,37,,,55,30
3211,Halorubrum aethiopicum,Archaea,Euryarchaeota,Halobacteria,Haloferacales,Halorubraceae,Halorubrum,68,,58.7,30,41,37,45,55,25
3212,Halorubrum litoreum,Archaea,Euryarchaeota,Halobacteria,Haloferacales,Halorubraceae,Halorubrum,64.9,,58.1,20,39.5,37,42,55,35
3213,Halorubrum xinjiangense,Archaea,Euryarchaeota,Halobacteria,Haloferacales,Halorubraceae,Halorubrum,68,,58.2,10,40,,,54,44
3214,Halorubrum aidingense,Archaea,Euryarchaeota,Halobacteria,Haloferacales,Halorubraceae,Halorubrum,64.2,,57.6,25,41,40,42,52,27
3215,Halorubrum gandharaense,Archaea,Euryarchaeota,Halobacteria,Haloferacales,Halorubraceae,Halorubrum,64.1,,58.2,15,45,,,50,35
3216,Halorubrum distributum,Archaea,Euryarchaeota,Halobacteria,Haloferacales,Halorubraceae,Halorubrum,63.6,,57.5,26,45,,,50,24
3217,Halorubrum salsamenti,Archaea,Euryarchaeota,Halobacteria,Haloferacales,Halorubraceae,Halorubrum,65.1,,57.7,25,42,,,50,25
3218,Halorubrum tebenquichense,Archaea,Euryarchaeota,Halobacteria,Haloferacales,Halorubraceae,Halorubrum,63.2,,56.1,35,40,,,50,15
3219,Halorubrum vacuolatum,Archaea,Euryarchaeota,Halobacteria,Haloferacales,Halorubraceae,Halorubrum,62.7,,58.6,20,40,,,50,30
3220,Halorubrum sodomense,Archaea,Euryarchaeota,Halobacteria,Haloferacales,Halorubraceae,Halorubrum,67.4,,58.5,20,40,,,50,30
3221,Halorubrum depositum,Archaea,Euryarchaeota,Halobacteria,Haloferacales,Halorubraceae,Halorubrum,66.6,,58.1,25,38,,,50,25
3222,Halorubrum amylolyticum,Archaea,Euryarchaeota,Halobacteria,Haloferacales,Halorubraceae,Halorubrum,66.3,,58.8,28,38,,,50,22
3223,Halorubrum rubrum,Archaea,Euryarchaeota,Halobacteria,Haloferacales,Halorubraceae,Halorubrum,64.9,,58.3,20,37,,,50,30
3224,Halorubrum ejinorense,Archaea,Euryarchaeota,Halobacteria,Haloferacales,Halorubraceae,Halorubrum,64,,57.7,25,37,,,50,25
3225,Halorubrum chaoviator,Archaea,Euryarchaeota,Halobacteria,Haloferacales,Halorubraceae,Halorubrum,65.5,,58.1,28,37,,,50,22
3226,Halorubrum laminariae,Archaea,Euryarchaeota,Halobacteria,Haloferacales,Halorubraceae,Halorubrum,63,,58,20,30,,,50,10
3227,Halorubrum trueperi,Archaea,Euryarchaeota,Halobacteria,Haloferacales,Halorubraceae,Halorubrum,61.9,,57.6,25,43.5,42,45,50,25
3228,Halorubrum yunnanense,Archaea,Euryarchaeota,Halobacteria,Haloferacales,Halorubraceae,Halorubrum,66.3,,57.8,25,43.5,42,45,50,25
3229,Halorubrum terrestre,Archaea,Euryarchaeota,Halobacteria,Haloferacales,Halorubraceae,Halorubrum,64.6,,57.7,28,41,37,45,50,22
3230,Halorubrum orientale,Archaea,Euryarchaeota,Halobacteria,Haloferacales,Halorubraceae,Halorubrum,64.2,,58.3,25,40,35,45,50,25
3231,Halorubrum ezzemoulense,Archaea,Euryarchaeota,Halobacteria,Haloferacales,Halorubraceae,Halorubrum,66.5,3.7,57.6,22,38.5,37,40,50,28
3232,Halorubrum aquaticum,Archaea,Euryarchaeota,Halobacteria,Haloferacales,Halorubraceae,Halorubrum,62.1,,58.5,25,37.5,35,40,50,25
3233,Halorubrum glutamatedens,Archaea,Euryarchaeota,Halobacteria,Haloferacales,Halorubraceae,Halorubrum,66.7,,58.7,20,42,,,45,25
3234,Halorubrum pallidum,Archaea,Euryarchaeota,Halobacteria,Haloferacales,Halorubraceae,Halorubrum,65.1,,57.3,25,38,,,45,20
3235,Halorubrum halodurans,Archaea,Euryarchaeota,Halobacteria,Haloferacales,Halorubraceae,Halorubrum,62.3,,58.7,20,37,,,45,25
3236,Halorubrum persicum,Archaea,Euryarchaeota,Halobacteria,Haloferacales,Halorubraceae,Halorubrum,64.2,,58.6,20,37,,,45,25
3237,Halorubrum salinum,Archaea,Euryarchaeota,Halobacteria,Haloferacales,Halorubraceae,Halorubrum,67.1,,57.6,25,30,,,45,20
3238,Halorubrum tibetense,Archaea,Euryarchaeota,Halobacteria,Haloferacales,Halorubraceae,Halorubrum,63.3,,58.6,22,38.5,37,40,45,23
3239,Halorubrum halophilum,Archaea,Euryarchaeota,Halobacteria,Haloferacales,Halorubraceae,Halorubrum,64.6,,58.1,20,37.5,35,40,45,25
3240,Halorubrum cibi,Archaea,Euryarchaeota,Halobacteria,Haloferacales,Halorubraceae,Halorubrum,61.7,,58.5,17,33.5,30,37,45,28
3241,Halorubrum alkaliphilum,Archaea,Euryarchaeota,Halobacteria,Haloferacales,Halorubraceae,Halorubrum,62.1,,58.7,20,38,,,44,24
3242,Halorubrum californiense,Archaea,Euryarchaeota,Halobacteria,Haloferacales,Halorubraceae,Halorubrum,69.4,,58.2,25,37,,,42,17
3243,Halorubrum luteum,Archaea,Euryarchaeota,Halobacteria,Haloferacales,Halorubraceae,Halorubrum,60.2,,59.2,17,35,33,37,41,24
3244,Halorubrum lacusprofundi,Archaea,Euryarchaeota,Halobacteria,Haloferacales,Halorubraceae,Halorubrum,64,3.7,57.5,4,36,,,40,36
3245,Halorussus salinus,Archaea,Euryarchaeota,Halobacteria,Halobacteriales,Halobacteriaceae,Halorussus,64.9,,57.7,20,37,,,50,30
3246,Halorussus amylolyticus,Archaea,Euryarchaeota,Halobacteria,Halobacteriales,Halobacteriaceae,Halorussus,64.6,,58.4,25,37,,,50,25
3247,Halorussus ruber,Archaea,Euryarchaeota,Halobacteria,Halobacteriales,Halobacteriaceae,Halorussus,63.3,,58.8,25,37,,,50,25
3248,Halorussus rarus,Archaea,Euryarchaeota,Halobacteria,Halobacteriales,Halobacteriaceae,Halorussus,66.1,,58.3,25,37,,,50,25
3249,Halosiccatus urmianus,Archaea,Euryarchaeota,Halobacteria,Halobacteriales,Haloarculaceae,Halosiccatus,68.1,,59.7,25,45,,,55,30
3250,Halosimplex litoreum,Archaea,Euryarchaeota,Halobacteria,Halobacteriales,Haloarculaceae,Halosimplex,64,,59,25,40,,,50,25
3251,Halosimplex carlsbadense,Archaea,Euryarchaeota,Halobacteria,Halobacteriales,Haloarculaceae,Halosimplex,64.4,,58.3,22,38.5,37,40,50,28
3252,Halosimplex rubrum,Archaea,Euryarchaeota,Halobacteria,Halobacteriales,Haloarculaceae,Halosimplex,64,,58,25,42,,,45,20
3253,Halosimplex pelagicum,Archaea,Euryarchaeota,Halobacteria,Halobacteriales,Haloarculaceae,Halosimplex,62.5,,58.7,25,42,,,45,20
3254,Halostagnicola alkaliphila,Archaea,Euryarchaeota,Halobacteria,Natrialbales,Natrialbaceae,Halostagnicola,60.7,,57.2,20,37,,,55,35
3255,Halostagnicola larsenii,Archaea,Euryarchaeota,Halobacteria,Natrialbales,Natrialbaceae,Halostagnicola,60.9,4.1,57.8,25,37,,,50,25
3256,Halostagnicola bangensis,Archaea,Euryarchaeota,Halobacteria,Natrialbales,Natrialbaceae,Halostagnicola,60.1,,57.8,30,37,,,45,15
3257,Halostagnicola kamekurae,Archaea,Euryarchaeota,Halobacteria,Natrialbales,Natrialbaceae,Halostagnicola,59.8,,57.8,20,30,,,45,25
3258,Halostella salina,Archaea,Euryarchaeota,Halobacteria,Halobacteriales,Halobacteriaceae,Halostella,68.1,,60.3,20,40,,,50,30
3259,Halostella pelagica,Archaea,Euryarchaeota,Halobacteria,Halobacteriales,Halobacteriaceae,Halostella,63,3.9,58.9,20,37,,,50,30
3260,Halostella litorea,Archaea,Euryarchaeota,Halobacteria,Halobacteriales,Halobacteriaceae,Halostella,68.5,,60,20,37,,,50,30
3262,Haloterrigena limicola,Archaea,Euryarchaeota,Halobacteria,Natrialbales,Natrialbaceae,Haloterrigena,61.9,,58.2,30,47.5,45,50,61,31
3263,Haloterrigena hispanica,Archaea,Euryarchaeota,Halobacteria,Natrialbales,Natrialbaceae,Haloterrigena,62,,58.2,37,50,,,60,23
3264,Haloterrigena thermotolerans,Archaea,Euryarchaeota,Halobacteria,Natrialbales,Natrialbaceae,Haloterrigena,63.3,,58.6,25,50,,,60,35
3265,Haloterrigena saccharevitans,Archaea,Euryarchaeota,Halobacteria,Natrialbales,Natrialbaceae,Haloterrigena,66.6,,58.8,24,43.5,42,45,58,34
3266,Haloterrigena turkmenica,Archaea,Euryarchaeota,Halobacteria,Natrialbales,Natrialbaceae,Haloterrigena,59.8,5.4,57.9,29,51,,,57,28
3267,Haloterrigena longa,Archaea,Euryarchaeota,Halobacteria,Natrialbales,Natrialbaceae,Haloterrigena,63.2,,57.9,30,43,41,45,56,26
3268,Haloterrigena mahii,Archaea,Euryarchaeota,Halobacteria,Natrialbales,Natrialbaceae,Haloterrigena,65.1,,58.6,35,50,45,55,55,20
3269,Haloterrigena salina,Archaea,Euryarchaeota,Halobacteria,Natrialbales,Natrialbaceae,Haloterrigena,67,,58,25,37,,,50,25
3270,Haloterrigena daqingensis,Archaea,Euryarchaeota,Halobacteria,Natrialbales,Natrialbaceae,Haloterrigena,61.3,3.8,58.4,20,35,,,50,30
3271,Haloterrigena jeotgali,Archaea,Euryarchaeota,Halobacteria,Natrialbales,Natrialbaceae,Haloterrigena,62.3,,58.6,17,41,37,45,50,33
3275,Halovarius luteus,Archaea,Euryarchaeota,Halobacteria,Natrialbales,Natrialbaceae,Halovarius,62.3,,59.1,25,45,,,50,25
3276,Halovenus rubra,Archaea,Euryarchaeota,Halobacteria,Halobacteriales,Halobacteriaceae,Halovenus,56.3,,58.3,25,42,,,50,25
3277,Halovenus aranensis,Archaea,Euryarchaeota,Halobacteria,Halobacteriales,Halobacteriaceae,Halovenus,61,,57.1,25,40,,,50,25
3278,Halovenus salina,Archaea,Euryarchaeota,Halobacteria,Halobacteriales,Halobacteriaceae,Halovenus,63.1,,58.6,20,37,,,40,20
3279,Halovivax cerinus,Archaea,Euryarchaeota,Halobacteria,Natrialbales,Natrialbaceae,Halovivax,63.2,,58.6,30,40,,,50,20
3280,Halovivax ruber,Archaea,Euryarchaeota,Halobacteria,Natrialbales,Natrialbaceae,Halovivax,64.3,3.2,58.7,25,37,,,45,20
3281,Halovivax asiaticus,Archaea,Euryarchaeota,Halobacteria,Natrialbales,Natrialbaceae,Halovivax,60.3,,58.8,25,37,,,45,20
3282,Halovivax limisalsi,Archaea,Euryarchaeota,Halobacteria,Natrialbales,Natrialbaceae,Halovivax,62.6,,58.2,25,35,,,45,20
3425,Hyperthermus butylicus,Archaea,Crenarchaeota,Thermoprotei,Desulfurococcales,Pyrodictiaceae,Hyperthermus,53.7,1.7,66.3,72,100.5,95,106,108,36
3426,Hyperthermus hephaesti,Archaea,Crenarchaeota,Thermoprotei,Desulfurococcales,Pyrodictiaceae,Hyperthermus,,,67.9,82,91,90,92,97,15
3474,Ignicoccus hospitalis,Archaea,Crenarchaeota,Thermoprotei,Desulfurococcales,Desulfurococcaceae,Ignicoccus,56.5,1.3,67.7,73,90,,,98,25
3475,Ignicoccus pacificus,Archaea,Crenarchaeota,Thermoprotei,Desulfurococcales,Desulfurococcaceae,Ignicoccus,45,,67,75,90,,,98,23
3476,Ignicoccus islandicus,Archaea,Crenarchaeota,Thermoprotei,Desulfurococcales,Desulfurococcaceae,Ignicoccus,44.9,1.4,66.5,70,90,,,98,28
3477,Ignisphaera aggregans,Archaea,Crenarchaeota,Thermoprotei,Desulfurococcales,Desulfurococcaceae,Ignisphaera,52.9,,66,85,93.5,92,95,98,13
4379,Metallosphaera prunae,Archaea,Crenarchaeota,Thermoprotei,Sulfolobales,Sulfolobaceae,Metallosphaera,46,,62.7,55,75,,,80,25
4380,Metallosphaera sedula,Archaea,Crenarchaeota,Thermoprotei,Sulfolobales,Sulfolobaceae,Metallosphaera,46.2,2.2,62.6,50,75,,,80,30
4381,Metallosphaera hakonensis,Archaea,Crenarchaeota,Thermoprotei,Sulfolobales,Sulfolobaceae,Metallosphaera,43.7,2.5,62.1,50,70,,,80,30
4382,Metallosphaera tengchongensis,Archaea,Crenarchaeota,Thermoprotei,Sulfolobales,Sulfolobaceae,Metallosphaera,41.8,,62.3,55,70,,,75,20
4383,Metallosphaera cuprina,Archaea,Crenarchaeota,Thermoprotei,Sulfolobales,Sulfolobaceae,Metallosphaera,42,1.8,61.9,55,65,,,75,20
4384,Methanimicrococcus blatticola,Archaea,Euryarchaeota,Methanomicrobia,Methanosarcinales,Methanosarcinaceae,Methanimicrococcus,55,,55.1,20,39,,,40,20
4385,Methanobacterium thermaggregans,Archaea,Euryarchaeota,Methanobacteria,Methanobacteriales,Methanobacteriaceae,Methanobacterium,42,,57.9,40,65,,,75,35
4386,Methanobacterium ivanovii,Archaea,Euryarchaeota,Methanobacteria,Methanobacteriales,Methanobacteriaceae,Methanobacterium,37,,55,15,45,,,55,40
4387,Methanobacterium beijingense,Archaea,Euryarchaeota,Methanobacteria,Methanobacteriales,Methanobacteriaceae,Methanobacterium,38.9,,55.4,25,37,,,50,25
4388,Methanobacterium espanolae,Archaea,Euryarchaeota,Methanobacteria,Methanobacteriales,Methanobacteriaceae,Methanobacterium,34,,53.4,15,35,,,50,35
4389,Methanobacterium congolense,Archaea,Euryarchaeota,Methanobacteria,Methanobacteriales,Methanobacteriaceae,Methanobacterium,38.5,2.5,56.2,25,39.5,37,42,50,25
4390,Methanobacterium bryantii,Archaea,Euryarchaeota,Methanobacteria,Methanobacteriales,Methanobacteriaceae,Methanobacterium,33.2,,53.9,25,38,37,39,50,25
4391,Methanobacterium movens,Archaea,Euryarchaeota,Methanobacteria,Methanobacteriales,Methanobacteriaceae,Methanobacterium,39.5,,54.8,10,36.5,35,38,50,40
4392,Methanobacterium flexile,Archaea,Euryarchaeota,Methanobacteria,Methanobacteriales,Methanobacteriaceae,Methanobacterium,36.4,,55.5,10,36.5,35,38,50,40
4393,Methanobacterium veterum,Archaea,Euryarchaeota,Methanobacteria,Methanobacteriales,Methanobacteriaceae,Methanobacterium,33.8,,55.4,10,28,,,46,36
4394,Methanobacterium aarhusense,Archaea,Euryarchaeota,Methanobacteria,Methanobacteriales,Methanobacteriaceae,Methanobacterium,34.9,,56.3,15,45,,,45,30
4395,Methanobacterium formicicum,Archaea,Euryarchaeota,Methanobacteria,Methanobacteriales,Methanobacteriaceae,Methanobacterium,41.3,2.4,55.7,37,41,,,45,8
4396,Methanobacterium aggregans,Archaea,Euryarchaeota,Methanobacteria,Methanobacteriales,Methanobacteriaceae,Methanobacterium,39.1,,56.3,25,40,,,45,20
4397,Methanobacterium ferruginis,Archaea,Euryarchaeota,Methanobacteria,Methanobacteriales,Methanobacteriaceae,Methanobacterium,37.6,,56.4,20,40,,,45,25
4398,Methanobacterium kanagiense,Archaea,Euryarchaeota,Methanobacteria,Methanobacteriales,Methanobacteriaceae,Methanobacterium,39.3,,56.3,15,40,,,45,30
4399,Methanobacterium uliginosum,Archaea,Euryarchaeota,Methanobacteria,Methanobacteriales,Methanobacteriaceae,Methanobacterium,29.4,,55.4,15,40,,,45,30
4400,Methanobacterium alcaliphilum,Archaea,Euryarchaeota,Methanobacteria,Methanobacteriales,Methanobacteriaceae,Methanobacterium,57,,55.1,25,37,,,45,20
4401,Methanobacterium arcticum,Archaea,Euryarchaeota,Methanobacteria,Methanobacteriales,Methanobacteriaceae,Methanobacterium,38.1,,55.4,15,37,,,45,30
4402,Methanobacterium subterraneum,Archaea,Euryarchaeota,Methanobacteria,Methanobacteriales,Methanobacteriaceae,Methanobacterium,39.4,2.5,55.5,4,30,20,40,45,41
4403,Methanobacterium palustre,Archaea,Euryarchaeota,Methanobacteria,Methanobacteriales,Methanobacteriaceae,Methanobacterium,34,,53,20,35,33,37,45,25
4404,Methanobacterium movilense,Archaea,Euryarchaeota,Methanobacteria,Methanobacteriales,Methanobacteriaceae,Methanobacterium,33,,56.1,0,33,,,44,44
4405,Methanobacterium oryzae,Archaea,Euryarchaeota,Methanobacteria,Methanobacteriales,Methanobacteriaceae,Methanobacterium,31,,55.2,20,40,,,42,22
4406,Methanobacterium lacus,Archaea,Euryarchaeota,Methanobacteria,Methanobacteriales,Methanobacteriaceae,Methanobacterium,35.8,2.6,55.6,14,30,,,41,27
4407,Methanobacterium petrolearium,Archaea,Euryarchaeota,Methanobacteria,Methanobacteriales,Methanobacteriaceae,Methanobacterium,38.3,,56.3,20,35,,,40,20
4408,Methanobacterium paludis,Archaea,Euryarchaeota,Methanobacteria,Methanobacteriales,Methanobacteriaceae,Methanobacterium,35.7,2.5,56,16,34.5,32,37,40,24
4409,Methanobrevibacter boviskoreani,Archaea,Euryarchaeota,Methanobacteria,Methanobacteriales,Methanobacteriaceae,Methanobrevibacter,28,,53.1,35,38.5,37,40,45,10
4410,Methanobrevibacter arboriphilus,Archaea,Euryarchaeota,Methanobacteria,Methanobacteriales,Methanobacteriaceae,Methanobrevibacter,28.6,,53.7,10,33.5,30,37,45,35
4411,Methanobrevibacter millerae,Archaea,Euryarchaeota,Methanobacteria,Methanobacteriales,Methanobacteriaceae,Methanobrevibacter,31.8,2.5,53.1,33,39,36,42,43,10
4412,Methanobrevibacter olleyae,Archaea,Euryarchaeota,Methanobacteria,Methanobacteriales,Methanobacteriaceae,Methanobrevibacter,26.9,2.2,53.6,28,38,36,40,42,14
4413,Methanobrevibacter oralis,Archaea,Euryarchaeota,Methanobacteria,Methanobacteriales,Methanobacteriaceae,Methanobrevibacter,28,,52.1,25,36,35,37,39,14
4414,Methanobrevibacter cuticularis,Archaea,Euryarchaeota,Methanobacteria,Methanobacteriales,Methanobacteriaceae,Methanobrevibacter,26.8,,53.7,10,37,,,37,27
4415,Methanobrevibacter acididurans,Archaea,Euryarchaeota,Methanobacteria,Methanobacteriales,Methanobacteriaceae,Methanobrevibacter,,,53.1,25,35,,,37,12
4416,Methanobrevibacter filiformis,Archaea,Euryarchaeota,Methanobacteria,Methanobacteriales,Methanobacteriaceae,Methanobrevibacter,27,,52.4,10,30,,,33.5,23.5
4417,Methanobrevibacter curvatus,Archaea,Euryarchaeota,Methanobacteria,Methanobacteriales,Methanobacteriaceae,Methanobrevibacter,25.7,,53.4,10,30,,,30,20
4418,Methanocalculus halotolerans,Archaea,Euryarchaeota,Methanomicrobia,Methanomicrobiales,Methanocalculaceae,Methanocalculus,43,,55.8,25,38,,,45,20
4419,Methanocalculus chunghsingensis,Archaea,Euryarchaeota,Methanomicrobia,Methanomicrobiales,Methanocalculaceae,Methanocalculus,50.8,,55.8,20,37,,,45,25
4420,Methanocalculus natronophilus,Archaea,Euryarchaeota,Methanomicrobia,Methanomicrobiales,Methanocalculaceae,Methanocalculus,50.2,,56.7,15,35,,,45,30
4421,Methanocalculus pumilus,Archaea,Euryarchaeota,Methanomicrobia,Methanomicrobiales,Methanocalculaceae,Methanocalculus,51.9,,55.6,25,35,,,45,20
4422,Methanocalculus taiwanensis,Archaea,Euryarchaeota,Methanomicrobia,Methanomicrobiales,Methanocalculaceae,Methanocalculus,,,56.2,25,37,,,42,17
4423,Methanocaldococcus fervens,Archaea,Euryarchaeota,Methanococci,Methanococcales,Methanocaldococcaceae,Methanocaldococcus,32.2,1.5,64.7,48,85,,,92,44
4424,Methanocaldococcus bathoardescens,Archaea,Euryarchaeota,Methanococci,Methanococcales,Methanocaldococcaceae,Methanocaldococcus,30.8,1.6,64.6,58,82,,,90,32
4425,Methanocaldococcus villosus,Archaea,Euryarchaeota,Methanococci,Methanococcales,Methanocaldococcaceae,Methanocaldococcus,30,,64.4,55,80,,,90,35
4426,Methanocaldococcus infernus,Archaea,Euryarchaeota,Methanococci,Methanococcales,Methanocaldococcaceae,Methanocaldococcus,33.6,1.3,64.5,49,85,,,89,40
4427,Methanocaldococcus vulcanius,Archaea,Euryarchaeota,Methanococci,Methanococcales,Methanocaldococcaceae,Methanocaldococcus,31.6,1.8,63.7,49,80,,,89,40
4428,Methanocaldococcus indicus,Archaea,Euryarchaeota,Methanococci,Methanococcales,Methanocaldococcaceae,Methanocaldococcus,30.7,,64.3,50,85,,,86,36
4429,Methanocaldococcus jannaschii,Archaea,Euryarchaeota,Methanococci,Methanococcales,Methanocaldococcaceae,Methanocaldococcus,31.3,1.7,61.4,50,85,,,86,36
4430,Methanocella conradii,Archaea,Euryarchaeota,Methanomicrobia,Methanocellales,Methanocellaceae,Methanocella,52.7,2.4,56.7,37,55,,,60,23
4431,Methanocella arvoryzae,Archaea,Euryarchaeota,Methanomicrobia,Methanocellales,Methanocellaceae,Methanocella,54.6,3.2,55,37,45,,,55,18
4432,Methanocella paludicola,Archaea,Euryarchaeota,Methanomicrobia,Methanocellales,Methanocellaceae,Methanocella,54.9,3,57.1,25,36,35,37,40,15
4433,Methanococcoides methylutens,Archaea,Euryarchaeota,Methanomicrobia,Methanosarcinales,Methanosarcinaceae,Methanococcoides,44,2.4,52.3,15,32.5,30,35,35,20
4434,Methanococcoides alaskense,Archaea,Euryarchaeota,Methanomicrobia,Methanosarcinales,Methanosarcinaceae,Methanococcoides,41.9,,54.9,-2.3,23.6,,,30.6,32.9
4435,Methanococcoides burtonii,Archaea,Euryarchaeota,Methanomicrobia,Methanosarcinales,Methanosarcinaceae,Methanococcoides,40.8,2.6,54.3,-2.5,23.4,,,29.5,32
4436,Methanococcus aeolicus,Archaea,Euryarchaeota,Methanococci,Methanococcales,Methanococcaceae,Methanococcus,30,1.6,56.7,20,46,,,55,35
4437,Methanococcus maripaludis,Archaea,Euryarchaeota,Methanococci,Methanococcales,Methanococcaceae,Methanococcus,33.3,1.8,54.8,18,38,,,47,29
4438,Methanococcus voltae,Archaea,Euryarchaeota,Methanococci,Methanococcales,Methanococcaceae,Methanococcus,28.6,1.9,54,20,37.5,,,45,25
4439,Methanococcus vannielii,Archaea,Euryarchaeota,Methanococci,Methanococcales,Methanococcaceae,Methanococcus,31.3,1.7,57.6,20,37.5,,,45,25
4440,Methanocorpusculum parvum,Archaea,Euryarchaeota,Methanomicrobia,Methanomicrobiales,Methanocorpusculaceae,Methanocorpusculum,48.5,,52.8,15,37,,,45,30
4441,Methanocorpusculum sinense,Archaea,Euryarchaeota,Methanomicrobia,Methanomicrobiales,Methanocorpusculaceae,Methanocorpusculum,51.8,,52.4,15,30,,,45,30
4442,Methanocorpusculum labreanum,Archaea,Euryarchaeota,Methanomicrobia,Methanomicrobiales,Methanocorpusculaceae,Methanocorpusculum,50,1.8,53.8,25,37,,,40,15
4443,Methanocorpusculum bavaricum,Archaea,Euryarchaeota,Methanomicrobia,Methanomicrobiales,Methanocorpusculaceae,Methanocorpusculum,47.7,,53.6,15,37,,,40,25
4444,Methanocorpusculum aggregans,Archaea,Euryarchaeota,Methanomicrobia,Methanomicrobiales,Methanocorpusculaceae,Methanocorpusculum,52,,53.8,25,35,,,40,15
4445,Methanoculleus thermophilus,Archaea,Euryarchaeota,Methanomicrobia,Methanomicrobiales,Methanomicrobiaceae,Methanoculleus,59.2,,56.6,37,55,,,65,28
4446,Methanoculleus receptaculi,Archaea,Euryarchaeota,Methanomicrobia,Methanomicrobiales,Methanomicrobiaceae,Methanoculleus,55.2,,56.9,30,52.5,50,55,65,35
4447,Methanoculleus submarinus,Archaea,Euryarchaeota,Methanomicrobia,Methanomicrobiales,Methanomicrobiaceae,Methanoculleus,,,56.1,11,43,,,52,41
4448,Methanoculleus palmolei,Archaea,Euryarchaeota,Methanomicrobia,Methanomicrobiales,Methanomicrobiaceae,Methanoculleus,59.5,,55.9,22,40,,,50,28
4449,Methanoculleus sediminis,Archaea,Euryarchaeota,Methanomicrobia,Methanomicrobiales,Methanomicrobiaceae,Methanoculleus,62.3,,56.4,20,37,,,50,30
4450,Methanoculleus marisnigri,Archaea,Euryarchaeota,Methanomicrobia,Methanomicrobiales,Methanomicrobiaceae,Methanoculleus,62.1,2.5,54.7,15,22.5,20,25,48,33
4451,Methanoculleus bourgensis,Archaea,Euryarchaeota,Methanomicrobia,Methanomicrobiales,Methanomicrobiaceae,Methanoculleus,60.6,2.8,55,37,40,,,45,8
4452,Methanoculleus hydrogenitrophicus,Archaea,Euryarchaeota,Methanomicrobia,Methanomicrobiales,Methanomicrobiaceae,Methanoculleus,60.2,,56.6,18,37,,,45,27
4453,Methanoculleus horonobensis,Archaea,Euryarchaeota,Methanomicrobia,Methanomicrobiales,Methanomicrobiaceae,Methanoculleus,62.9,,56.6,25,39.5,37,42,45,20
4454,Methanoculleus taiwanensis,Archaea,Euryarchaeota,Methanomicrobia,Methanomicrobiales,Methanomicrobiaceae,Methanoculleus,61,,56.4,20,37,,,42,22
4455,Methanoculleus chikugoensis,Archaea,Euryarchaeota,Methanomicrobia,Methanomicrobiales,Methanomicrobiaceae,Methanoculleus,62.2,,56.1,15,27.5,25,30,40,25
4456,Methanofervidicoccus abyssi,Archaea,Euryarchaeota,Methanococci,Methanococcales,,Methanofervidicoccus,35.9,,61.9,60,70,,,80,20
4457,Methanofollis tationis,Archaea,Euryarchaeota,Methanomicrobia,Methanomicrobiales,Methanomicrobiaceae,Methanofollis,54,,56.3,25,42,,,44,19
4458,Methanofollis liminatans,Archaea,Euryarchaeota,Methanomicrobia,Methanomicrobiales,Methanomicrobiaceae,Methanofollis,60,,54.3,15,40,,,44,29
4459,Methanofollis aquaemaris,Archaea,Euryarchaeota,Methanomicrobia,Methanomicrobiales,Methanomicrobiaceae,Methanofollis,59.1,,56.4,20,37,,,43,23
4460,Methanofollis formosanus,Archaea,Euryarchaeota,Methanomicrobia,Methanomicrobiales,Methanomicrobiaceae,Methanofollis,58.4,,56.4,20,40,,,42,22
4461,Methanofollis ethanolicus,Archaea,Euryarchaeota,Methanomicrobia,Methanomicrobiales,Methanomicrobiaceae,Methanofollis,60.9,,56.5,15,37,,,40,25
4462,Methanogenium organophilum,Archaea,Euryarchaeota,Methanomicrobia,Methanomicrobiales,Methanomicrobiaceae,Methanogenium,46.7,,54.9,30,32.5,,,39,9
4463,Methanogenium cariaci,Archaea,Euryarchaeota,Methanomicrobia,Methanomicrobiales,Methanomicrobiaceae,Methanogenium,52,,53.8,15,22.5,20,25,35,20
4464,Methanogenium boonei,Archaea,Euryarchaeota,Methanomicrobia,Methanomicrobiales,Methanomicrobiaceae,Methanogenium,,,57,5,19.4,,,25.6,20.6
4465,Methanogenium marinum,Archaea,Euryarchaeota,Methanomicrobia,Methanomicrobiales,Methanomicrobiaceae,Methanogenium,56.5,,55.6,5,25,,,25,20
4466,Methanogenium frigidum,Archaea,Euryarchaeota,Methanomicrobia,Methanomicrobiales,Methanomicrobiaceae,Methanogenium,,,56.8,0,15,,,17,17
4467,Methanohalobium evestigatum,Archaea,Euryarchaeota,Methanomicrobia,Methanosarcinales,Methanosarcinaceae,Methanohalobium,36.4,2.4,54.6,37,40,,,60,23
4468,Methanohalophilus portucalensis,Archaea,Euryarchaeota,Methanomicrobia,Methanosarcinales,Methanosarcinaceae,Methanohalophilus,43.5,,55.3,25,40,,,48,23
4469,Methanohalophilus levihalophilus,Archaea,Euryarchaeota,Methanomicrobia,Methanosarcinales,Methanosarcinaceae,Methanohalophilus,43.7,,55.1,20,35,,,40,20
4470,Methanohalophilus halophilus,Archaea,Euryarchaeota,Methanomicrobia,Methanosarcinales,Methanosarcinaceae,Methanohalophilus,42.4,2,55.1,18,31,26,36,40,22
4471,Methanolacinia paynteri,Archaea,Euryarchaeota,Methanomicrobia,Methanomicrobiales,Methanomicrobiaceae,Methanolacinia,44.9,,56,25,40,,,42,17
4472,Methanolacinia petrolearia,Archaea,Euryarchaeota,Methanomicrobia,Methanomicrobiales,Methanomicrobiaceae,Methanolacinia,47.4,2.8,55.8,17,40,,,41,24
4473,Methanolinea tarda,Archaea,Euryarchaeota,Methanomicrobia,Methanomicrobiales,Methanoregulaceae,Methanolinea,56.3,,57.1,35,50,,,55,20
4474,Methanolinea mesophila,Archaea,Euryarchaeota,Methanomicrobia,Methanomicrobiales,Methanoregulaceae,Methanolinea,56.4,,57.1,20,37,,,40,20
4475,Methanolobus zinderi,Archaea,Euryarchaeota,Methanomicrobia,Methanosarcinales,Methanosarcinaceae,Methanolobus,42,,55.6,25,45,40,50,50,25
4476,Methanolobus chelungpuianus,Archaea,Euryarchaeota,Methanomicrobia,Methanosarcinales,Methanosarcinaceae,Methanolobus,48.3,,55.7,24,37,,,45,21
4477,Methanolobus taylorii,Archaea,Euryarchaeota,Methanomicrobia,Methanosarcinales,Methanosarcinaceae,Methanolobus,40.8,,55.4,15,37,,,45,30
4478,Methanolobus oregonensis,Archaea,Euryarchaeota,Methanomicrobia,Methanosarcinales,Methanosarcinaceae,Methanolobus,40.9,,55.5,15,37,,,45,30
4479,Methanolobus bombayensis,Archaea,Euryarchaeota,Methanomicrobia,Methanosarcinales,Methanosarcinaceae,Methanolobus,39.2,,53.1,15,37,,,40,25
4480,Methanolobus tindarius,Archaea,Euryarchaeota,Methanomicrobia,Methanosarcinales,Methanosarcinaceae,Methanolobus,40,,53.2,10,37,,,40,30
4481,Methanolobus vulcani,Archaea,Euryarchaeota,Methanomicrobia,Methanosarcinales,Methanosarcinaceae,Methanolobus,39,,53.6,10,28,,,40,30
4482,Methanolobus profundi,Archaea,Euryarchaeota,Methanomicrobia,Methanosarcinales,Methanosarcinaceae,Methanolobus,42.4,,55.3,9,30,,,37,28
4483,Methanolobus psychrotolerans,Archaea,Euryarchaeota,Methanomicrobia,Methanosarcinales,Methanosarcinaceae,Methanolobus,41.3,,55.8,0,33.5,30,37,37,37
4484,Methanolobus psychrophilus,Archaea,Euryarchaeota,Methanomicrobia,Methanosarcinales,Methanosarcinaceae,Methanolobus,44.9,,55.8,0,18,,,25,25
4485,Methanomassiliicoccus luminyensis,Archaea,Euryarchaeota,Thermoplasmata,Methanomassiliicoccales,Methanomassiliicoccaceae,Methanomassiliicoccus,59.9,,55.4,25,37,,,45,20
4486,Methanomethylovorans thermophila,Archaea,Euryarchaeota,Methanomicrobia,Methanosarcinales,Methanosarcinaceae,Methanomethylovorans,37.6,,56.2,42,50,,,58,16
4487,Methanomethylovorans uponensis,Archaea,Euryarchaeota,Methanomicrobia,Methanosarcinales,Methanosarcinaceae,Methanomethylovorans,39.2,,55.9,25,37,,,40,15
4488,Methanomethylovorans hollandica,Archaea,Euryarchaeota,Methanomicrobia,Methanosarcinales,Methanosarcinaceae,Methanomethylovorans,41.8,2.7,55.8,12,35.5,34,37,40,28
4489,Methanomicrobium mobile,Archaea,Euryarchaeota,Methanomicrobia,Methanomicrobiales,Methanomicrobiaceae,Methanomicrobium,48.8,,53,30,40,,,45,15
4490,Methanomicrobium antiquum,Archaea,Euryarchaeota,Methanomicrobia,Methanomicrobiales,Methanomicrobiaceae,Methanomicrobium,37.6,,54.5,15,35,,,40,25
4491,Methanonatronarchaeum thermophilum,Archaea,Euryarchaeota,Methanonatronarchaeia,Methanonatronarchaeales,Methanonatronarchaeaceae,Methanonatronarchaeum,38,,56.8,30,50,,,60,30
4492,Methanoplanus limicola,Archaea,Euryarchaeota,Methanomicrobia,Methanomicrobiales,Methanomicrobiaceae,Methanoplanus,47.5,,53.8,17,40,,,41,24
4493,Methanoplanus endosymbiosus,Archaea,Euryarchaeota,Methanomicrobia,Methanomicrobiales,Methanomicrobiaceae,Methanoplanus,38.7,,50.6,16,32,,,36,20
4494,Methanopyrus kandleri,Archaea,Euryarchaeota,Methanopyri,Methanopyrales,Methanopyraceae,Methanopyrus,,,67.7,85,100,,,122,37
4495,Methanopyrus kandleri,Archaea,Euryarchaeota,Methanopyri,Methanopyrales,Methanopyraceae,Methanopyrus,61.2,1.7,68.1,84,98,,,110,38
4496,Methanoregula boonei,Archaea,Euryarchaeota,Methanomicrobia,Methanomicrobiales,Methanoregulaceae,Methanoregula,54.5,2.5,55.8,10,36,35,37,40,30
4497,Methanoregula formicica,Archaea,Euryarchaeota,Methanomicrobia,Methanomicrobiales,Methanoregulaceae,Methanoregula,55.2,2.8,56,10,31.5,30,33,40,30
4498,Methanosarcina thermophila,Archaea,Euryarchaeota,Methanomicrobia,Methanosarcinales,Methanosarcinaceae,Methanosarcina,41.1,3.1,55.1,35,50,,,55,20
4499,Methanosarcina flavescens,Archaea,Euryarchaeota,Methanomicrobia,Methanosarcinales,Methanosarcinaceae,Methanosarcina,41.3,,56.2,20,45,,,55,35
4500,Methanosarcina spelaei,Archaea,Euryarchaeota,Methanomicrobia,Methanosarcinales,Methanosarcinaceae,Methanosarcina,39,,56.6,0,33,,,54,54
4501,Methanosarcina soligelidi,Archaea,Euryarchaeota,Methanomicrobia,Methanosarcinales,Methanosarcinaceae,Methanosarcina,40.9,,56.6,0,28,,,54,54
4502,Methanosarcina mazei,Archaea,Euryarchaeota,Methanomicrobia,Methanosarcinales,Methanosarcinaceae,Methanosarcina,41.5,4.1,56.9,20,40,,,45,25
4503,Methanosarcina acetivorans,Archaea,Euryarchaeota,Methanomicrobia,Methanosarcinales,Methanosarcinaceae,Methanosarcina,42.7,5.8,56,15,37.5,35,40,45,30
4504,Methanosarcina horonobensis,Archaea,Euryarchaeota,Methanomicrobia,Methanosarcinales,Methanosarcinaceae,Methanosarcina,41.3,5,56.5,20,37,,,42,22
4505,Methanosarcina vacuolata,Archaea,Euryarchaeota,Methanomicrobia,Methanosarcinales,Methanosarcinaceae,Methanosarcina,39.7,4.6,53.3,18,38.5,37,40,42,24
4506,Methanosarcina subterranea,Archaea,Euryarchaeota,Methanomicrobia,Methanosarcinales,Methanosarcinaceae,Methanosarcina,41.5,,56.7,10,35,,,40,30
4507,Methanosarcina siciliae,Archaea,Euryarchaeota,Methanomicrobia,Methanosarcinales,Methanosarcinaceae,Methanosarcina,42.9,5,56.6,20,35,,,40,20
4508,Methanosarcina semesiae,Archaea,Euryarchaeota,Methanomicrobia,Methanosarcinales,Methanosarcinaceae,Methanosarcina,,,56.6,18,32.5,30,35,39,21
4509,Methanosarcina lacustris,Archaea,Euryarchaeota,Methanomicrobia,Methanosarcinales,Methanosarcinaceae,Methanosarcina,41.8,4.1,56.6,1,25,,,35,34
4510,Methanosarcina baltica,Archaea,Euryarchaeota,Methanomicrobia,Methanosarcinales,Methanosarcinaceae,Methanosarcina,,,55.6,4,25,,,27,23
4511,Methanosphaera stadtmanae,Archaea,Euryarchaeota,Methanobacteria,Methanobacteriales,Methanobacteriaceae,Methanosphaera,27.6,1.8,50.7,30,38,36,40,40,10
4512,Methanosphaerula palustris,Archaea,Euryarchaeota,Methanomicrobia,Methanomicrobiales,Methanoregulaceae,Methanosphaerula,55.4,2.9,55.4,14,29,28,30,35,21
4513,Methanospirillum hungatei,Archaea,Euryarchaeota,Methanomicrobia,Methanomicrobiales,Methanospirillaceae,Methanospirillum,45.1,3.5,55.9,20,37,,,50,30
4514,Methanospirillum lacunae,Archaea,Euryarchaeota,Methanomicrobia,Methanomicrobiales,Methanospirillaceae,Methanospirillum,45.3,,56.3,15,30,,,37,22
4515,Methanospirillum stamsii,Archaea,Euryarchaeota,Methanomicrobia,Methanomicrobiales,Methanospirillaceae,Methanospirillum,40,,54.5,5,25,20,30,37,32
4516,Methanospirillum psychrodurum,Archaea,Euryarchaeota,Methanomicrobia,Methanomicrobiales,Methanospirillaceae,Methanospirillum,44.4,,55.7,4,25,,,32,28
4517,Methanothermobacter tenebrarum,Archaea,Euryarchaeota,Methanobacteria,Methanobacteriales,Methanobacteriaceae,Methanothermobacter,52,,59,45,70,,,80,35
4518,Methanothermobacter crinale,Archaea,Euryarchaeota,Methanobacteria,Methanobacteriales,Methanobacteriaceae,Methanothermobacter,40.1,,59.1,45,60,,,80,35
4519,Methanothermobacter thermautotrophicus,Archaea,Euryarchaeota,Methanobacteria,Methanobacteriales,Methanobacteriaceae,Methanothermobacter,49.5,1.8,57.9,40,67.5,65,70,75,35
4520,Methanothermobacter wolfeii,Archaea,Euryarchaeota,Methanobacteria,Methanobacteriales,Methanobacteriaceae,Methanothermobacter,48.9,1.7,57.9,37,55,,,74,37
4521,Methanothermobacter marburgensis,Archaea,Euryarchaeota,Methanobacteria,Methanobacteriales,Methanobacteriaceae,Methanothermobacter,48.6,1.6,57.9,45,60,,,70,25
4522,Methanothermobacter thermoflexus,Archaea,Euryarchaeota,Methanobacteria,Methanobacteriales,Methanobacteriaceae,Methanothermobacter,55,,57.7,45,55,,,70,25
4523,Methanothermobacter defluvii,Archaea,Euryarchaeota,Methanobacteria,Methanobacteriales,Methanobacteriaceae,Methanothermobacter,62.2,,57.8,45,62.5,,,65,20
4524,Methanothermobacter thermophilus,Archaea,Euryarchaeota,Methanobacteria,Methanobacteriales,Methanobacteriaceae,Methanothermobacter,44.7,,57.6,45,57,,,65,20
4525,Methanothermococcus okinawensis,Archaea,Euryarchaeota,Methanococci,Methanococcales,Methanococcaceae,Methanothermococcus,29.3,1.7,59.1,40,62.5,60,65,75,35
4526,Methanothermococcus thermolithotrophicus,Archaea,Euryarchaeota,Methanococci,Methanococcales,Methanococcaceae,Methanothermococcus,32.5,,57.5,17,62.5,,,70,53
4527,Methanothermus sociabilis,Archaea,Euryarchaeota,Methanobacteria,Methanobacteriales,Methanothermaceae,Methanothermus,33,,64.1,55,88,,,97,42
4528,Methanothermus fervidus,Archaea,Euryarchaeota,Methanobacteria,Methanobacteriales,Methanothermaceae,Methanothermus,31.6,1.2,64,65,83,,,97,32
4529,Methanothrix thermoacetophila,Archaea,Euryarchaeota,Methanomicrobia,Methanosarcinales,Methanotrichaceae,Methanothrix,53.3,,57.8,30,57.5,55,60,70,40
4530,Methanothrix soehngenii,Archaea,Euryarchaeota,Methanomicrobia,Methanosarcinales,Methanotrichaceae,Methanothrix,51,3,55.2,10,37.5,35,40,45,35
4531,Methanosaeta harundinacea,Archaea,Euryarchaeota,Methanomicrobia,Methanosarcinales,Methanotrichaceae,Methanothrix,60.6,2.6,56.4,25,35.5,34,37,45,20
4532,Methanosaeta pelagica,Archaea,Euryarchaeota,Methanomicrobia,Methanosarcinales,Methanotrichaceae,Methanothrix,45.4,,55.9,20,30,,,35,15
4533,Methanotorris igneus,Archaea,Euryarchaeota,Methanococci,Methanococcales,Methanocaldococcaceae,Methanotorris,32.3,1.9,59,45,88,,,91,46
4534,Methanotorris formicicus,Archaea,Euryarchaeota,Methanococci,Methanococcales,Methanocaldococcaceae,Methanotorris,33.3,,62,55,70,,,83,28
4535,Methermicoccus shengliensis,Archaea,Euryarchaeota,Methanomicrobia,Methanosarcinales,Methermicoccaceae,Methermicoccus,56,,59.1,50,65,,,70,20
4954,Natrarchaeobius halalkaliphilus,Archaea,Euryarchaeota,Halobacteria,Natrialbales,Natrialbaceae,Natrarchaeobius,61.1,,57.9,25,45,,,55,30
4955,Natrarchaeobius chitinivorans,Archaea,Euryarchaeota,Halobacteria,Natrialbales,Natrialbaceae,Natrarchaeobius,62.1,,56.8,20,43,,,53,33
4956,Natrialba hulunbeirensis,Archaea,Euryarchaeota,Halobacteria,Natrialbales,Natrialbaceae,Natrialba,64.3,,57.6,20,50,,,55,35
4957,Natrialba chahannaoensis,Archaea,Euryarchaeota,Halobacteria,Natrialbales,Natrialbaceae,Natrialba,63.7,,57.9,20,45,,,55,35
4958,Natrialba swarupiae,Archaea,Euryarchaeota,Halobacteria,Natrialbales,Natrialbaceae,Natrialba,62.5,,58.5,35,40,,,55,20
4959,Natrialba magadii,Archaea,Euryarchaeota,Halobacteria,Natrialbales,Natrialbaceae,Natrialba,61,4.4,57.5,20,38.5,37,40,50,30
4961,Natribaculum longum,Archaea,Euryarchaeota,Halobacteria,Natrialbales,Natrialbaceae,Natribaculum,63.8,,59.6,30,37,,,62,32
4962,Natribaculum breve,Archaea,Euryarchaeota,Halobacteria,Natrialbales,Natrialbaceae,Natribaculum,63.9,,60.1,30,37,,,62,32
4963,Natrinema gari,Archaea,Euryarchaeota,Halobacteria,Natrialbales,Natrialbaceae,Natrinema,64.7,,58.1,20,38.5,37,40,60,40
4964,Natrinema salaciae,Archaea,Euryarchaeota,Halobacteria,Natrialbales,Natrialbaceae,Natrinema,63,,57.7,20,45,,,55,35
4965,Natrinema versiforme,Archaea,Euryarchaeota,Halobacteria,Natrialbales,Natrialbaceae,Natrinema,63.4,4.7,58.3,20,41.5,37,46,53,33
4966,Natrinema ejinorense,Archaea,Euryarchaeota,Halobacteria,Natrialbales,Natrialbaceae,Natrinema,64.7,,57.5,25,37,,,50,25
4967,Natrinema soli,Archaea,Euryarchaeota,Halobacteria,Natrialbales,Natrialbaceae,Natrinema,61.5,,57.5,25,40,,,45,20
4969,Natronoarchaeum mannanilyticum,Archaea,Euryarchaeota,Halobacteria,Halobacteriales,Halobacteriaceae,Natronoarchaeum,63,,59.5,20,37,,,55,35
4970,Natronoarchaeum persicum,Archaea,Euryarchaeota,Halobacteria,Halobacteriales,Halobacteriaceae,Natronoarchaeum,66.7,,60.4,20,38.5,37,40,55,35
4971,Natronoarchaeum rubrum,Archaea,Euryarchaeota,Halobacteria,Halobacteriales,Halobacteriaceae,Natronoarchaeum,66.2,,59.2,25,37,,,50,25
4972,Natronoarchaeum philippinense,Archaea,Euryarchaeota,Halobacteria,Halobacteriales,Halobacteriaceae,Natronoarchaeum,63,,59.3,20,41,37,45,50,30
4973,Natronobacterium texcoconense,Archaea,Euryarchaeota,Halobacteria,Natrialbales,Natrialbaceae,Natronobacterium,62.5,,58.9,25,37,,,45,20
4974,Natronobacterium gregoryi,Archaea,Euryarchaeota,Halobacteria,Natrialbales,Natrialbaceae,Natronobacterium,62.2,3.8,58.7,25,37,,,40,15
4975,Natronobiforma cellulositropha,Archaea,Euryarchaeota,Halobacteria,Natrialbales,Natrialbaceae,Natronobiforma,65.5,,57.8,18,43,,,53,35
4976,Natronococcus amylolyticus,Archaea,Euryarchaeota,Halobacteria,Natrialbales,Natrialbaceae,Natronococcus,63.5,,58.3,22,42.5,40,45,50,28
4977,Natronococcus roseus,Archaea,Euryarchaeota,Halobacteria,Natrialbales,Natrialbaceae,Natronococcus,62.1,,59,30,41,37,45,50,20
4978,Natronococcus jeotgali,Archaea,Euryarchaeota,Halobacteria,Natrialbales,Natrialbaceae,Natronococcus,64.4,,59.5,21,41,37,45,50,29
4979,Natronococcus occultus,Archaea,Euryarchaeota,Halobacteria,Natrialbales,Natrialbaceae,Natronococcus,64.6,4.3,58.8,25,37.5,35,40,50,25
4980,Natronolimnobius aegyptiacus,Archaea,Euryarchaeota,Halobacteria,Natrialbales,Natrialbaceae,Natronolimnobius,64.1,3.9,59.3,30,52,,,56,26
4981,Natronolimnobius innermongolicus,Archaea,Euryarchaeota,Halobacteria,Natrialbales,Natrialbaceae,Natronolimnobius,63,,58.1,19,43,,,54,35
4982,Natronolimnobius baerhuensis,Archaea,Euryarchaeota,Halobacteria,Natrialbales,Natrialbaceae,Natronolimnobius,59.5,,57.9,30,37,,,46,16
4983,Natronomonas pharaonis,Archaea,Euryarchaeota,Halobacteria,Halobacteriales,Haloarculaceae,Natronomonas,63.1,2.7,58.6,25,45,,,55,30
4984,Natronomonas gomsonensis,Archaea,Euryarchaeota,Halobacteria,Halobacteriales,Haloarculaceae,Natronomonas,63.4,,57.7,20,40,,,45,25
4985,Natronomonas moolapensis,Archaea,Euryarchaeota,Halobacteria,Halobacteriales,Haloarculaceae,Natronomonas,64.5,2.9,58.6,25,38.5,37,40,45,20
4986,Natronorubrum tibetense,Archaea,Euryarchaeota,Halobacteria,Natrialbales,Natrialbaceae,Natronorubrum,60.1,,57.9,25,45,,,55,30
4987,Natronorubrum bangense,Archaea,Euryarchaeota,Halobacteria,Natrialbales,Natrialbaceae,Natronorubrum,60.6,4.4,57.5,25,45,,,55,30
4988,Natronorubrum sulfidifaciens,Archaea,Euryarchaeota,Halobacteria,Natrialbales,Natrialbaceae,Natronorubrum,60.9,,57.6,20,45.5,44,47,55,35
4989,Natronorubrum aibiense,Archaea,Euryarchaeota,Halobacteria,Natrialbales,Natrialbaceae,Natronorubrum,61.3,4.3,57.6,25,45,,,50,25
4990,Natronorubrum sediminis,Archaea,Euryarchaeota,Halobacteria,Natrialbales,Natrialbaceae,Natronorubrum,62.5,,58.2,25,37,,,50,25
4991,Natronorubrum texcoconense,Archaea,Euryarchaeota,Halobacteria,Natrialbales,Natrialbaceae,Natronorubrum,63.3,,57.7,25,37,,,45,20
5075,Nitrosarchaeum koreense,Archaea,Thaumarchaeota,,Nitrosopumilales,Nitrosopumilaceae,Nitrosarchaeum,32.7,,52.1,15,25,,,30,15
5076,Nitrosopumilus piranensis,Archaea,Thaumarchaeota,,Nitrosopumilales,Nitrosopumilaceae,Nitrosopumilus,33.8,1.7,52.4,15,32,,,37,22
5077,Nitrosopumilus maritimus,Archaea,Thaumarchaeota,,Nitrosopumilales,Nitrosopumilaceae,Nitrosopumilus,34.2,1.6,52.6,15,32,,,35,20
5078,Nitrosopumilus adriaticus,Archaea,Thaumarchaeota,,Nitrosopumilales,Nitrosopumilaceae,Nitrosopumilus,33.4,1.8,52.5,15,31,30,32,34,19
5079,Nitrosopumilus ureiphilus,Archaea,Thaumarchaeota,,Nitrosopumilales,Nitrosopumilaceae,Nitrosopumilus,33.4,,52.5,10,26,,,30,20
5080,Nitrosopumilus oxyclinae,Archaea,Thaumarchaeota,,Nitrosopumilales,Nitrosopumilaceae,Nitrosopumilus,33.1,,51.9,4,25,,,30,26
5081,Nitrosopumilus cobalaminigenes,Archaea,Thaumarchaeota,,Nitrosopumilales,Nitrosopumilaceae,Nitrosopumilus,33,,52.8,10,25,,,30,20
5082,Nitrososphaera viennensis,Archaea,Thaumarchaeota,Nitrososphaeria,Nitrososphaerales,Nitrososphaeraceae,Nitrososphaera,52.7,2.5,57.7,28,42,,,47,19
5629,Palaeococcus pacificus,Archaea,Euryarchaeota,Thermococci,Thermococcales,Thermococcaceae,Palaeococcus,43,1.9,65.2,50,80,,,90,40
5630,Palaeococcus ferrophilus,Archaea,Euryarchaeota,Thermococci,Thermococcales,Thermococcaceae,Palaeococcus,53.5,,65.2,60,83,,,88,28
5631,Palaeococcus helgesonii,Archaea,Euryarchaeota,Thermococci,Thermococcales,Thermococcaceae,Palaeococcus,42.5,,63.6,45,80,,,85,40
6014,Picrophilus torridus,Archaea,Euryarchaeota,Thermoplasmata,Thermoplasmatales,Picrophilaceae,Picrophilus,36,1.5,55.5,47,60,,,65,18
6015,Picrophilus oshimae,Archaea,Euryarchaeota,Thermoplasmata,Thermoplasmatales,Picrophilaceae,Picrophilus,36,,55.6,47,60,,,65,18
6565,Pyrobaculum aerophilum,Archaea,Crenarchaeota,Thermoprotei,Thermoproteales,Thermoproteaceae,Pyrobaculum,51.4,2.2,60.2,75,100,,,104,29
6566,Pyrobaculum organotrophum,Archaea,Crenarchaeota,Thermoprotei,Thermoproteales,Thermoproteaceae,Pyrobaculum,46,,68.2,78,102,,,102,24
6567,Pyrobaculum islandicum,Archaea,Crenarchaeota,Thermoprotei,Thermoproteales,Thermoproteaceae,Pyrobaculum,49.6,1.8,66.4,74,100,,,102,28
6568,Pyrobaculum arsenaticum,Archaea,Crenarchaeota,Thermoprotei,Thermoproteales,Thermoproteaceae,Pyrobaculum,55.1,2.1,67.8,68,90,,,100,32
6569,Pyrobaculum calidifontis,Archaea,Crenarchaeota,Thermoprotei,Thermoproteales,Thermoproteaceae,Pyrobaculum,51,,67.8,75,92.5,90,95,100,25
6570,Pyrobaculum ferrireducens,Archaea,Crenarchaeota,Thermoprotei,Thermoproteales,Thermoproteaceae,Pyrobaculum,57,2.5,68,75,92.5,90,95,98,23
6571,Pyrobaculum oguniense,Archaea,Crenarchaeota,Thermoprotei,Thermoproteales,Thermoproteaceae,Pyrobaculum,48,,67.9,70,92,90,94,97,27
6572,Pyrobaculum igneiluti,Archaea,Crenarchaeota,Thermoprotei,Thermoproteales,Thermoproteaceae,Pyrobaculum,,,67.9,75,90,,,95,20
6573,Pyrococcus kukulkanii,Archaea,Euryarchaeota,Thermococci,Thermococcales,Thermococcaceae,Pyrococcus,44.6,2,66.5,70,105,,,112,42
6574,Pyrococcus yayanosii,Archaea,Euryarchaeota,Thermococci,Thermococcales,Thermococcaceae,Pyrococcus,51.6,1.7,66.7,80,98,,,108,28
6575,Pyrococcus glycovorans,Archaea,Euryarchaeota,Thermococci,Thermococcales,Thermococcaceae,Pyrococcus,47,,67.3,75,95,,,104,29
6576,Pyrococcus furiosus,Archaea,Euryarchaeota,Thermococci,Thermococcales,Thermococcaceae,Pyrococcus,40.8,1.9,66.2,70,100,,,103,33
6577,Pyrococcus horikoshii,Archaea,Euryarchaeota,Thermococci,Thermococcales,Thermococcaceae,Pyrococcus,41.9,1.7,66.6,80,98,,,102,22
6578,Pyrococcus abyssi,Archaea,Euryarchaeota,Thermococci,Thermococcales,Thermococcaceae,Pyrococcus,44.7,1.8,66.8,67,96,,,102,35
6579,Pyrodictium brockii,Archaea,Crenarchaeota,Thermoprotei,Desulfurococcales,Pyrodictiaceae,Pyrodictium,62,,68.7,80,105,,,110,30
6580,Pyrodictium occultum,Archaea,Crenarchaeota,Thermoprotei,Desulfurococcales,Pyrodictiaceae,Pyrodictium,63.5,,68.7,82,105,,,110,28
6581,Pyrodictium abyssi,Archaea,Crenarchaeota,Thermoprotei,Desulfurococcales,Pyrodictiaceae,Pyrodictium,59,,69.1,80,97,,,110,30
6582,Pyrodictium delaneyi,Archaea,Crenarchaeota,Thermoprotei,Desulfurococcales,Pyrodictiaceae,Pyrodictium,53.9,2,68.9,82,91,90,92,97,15
6583,Pyrolobus fumarii,Archaea,Crenarchaeota,Thermoprotei,Desulfurococcales,Pyrodictiaceae,Pyrolobus,54.9,1.8,68.4,90,106,,,113,23
6931,Saccharolobus caldissimus,Archaea,Crenarchaeota,Thermoprotei,Sulfolobales,Sulfolobaceae,Saccharolobus,31.7,,64,65,85,,,93,28
6932,Saccharolobus solfataricus,Archaea,Crenarchaeota,Thermoprotei,Sulfolobales,Sulfolobaceae,Saccharolobus,35.8,3,63.4,50,85,,,87,37
6974,Salarchaeum japonicum,Archaea,Euryarchaeota,Halobacteria,Halobacteriales,Halobacteriaceae,Salarchaeum,64,,57.9,20,40,,,55,35
6996,Salinarchaeum chitinilyticum,Archaea,Euryarchaeota,Halobacteria,Natrialbales,Natrialbaceae,Salinarchaeum,68.1,,59.8,20,40,,,50,30
6997,Salinarchaeum laminariae,Archaea,Euryarchaeota,Halobacteria,Natrialbales,Natrialbaceae,Salinarchaeum,66.4,,59.8,20,37,,,50,30
7031,Salinigranum halophilum,Archaea,Euryarchaeota,Halobacteria,Haloferacales,Halorubraceae,Salinigranum,66.1,,58.3,20,41,40,42,60,40
7032,Salinigranum salinum,Archaea,Euryarchaeota,Halobacteria,Haloferacales,Halorubraceae,Salinigranum,65.2,,59,25,37,,,50,25
7033,Salinigranum rubrum,Archaea,Euryarchaeota,Halobacteria,Haloferacales,Halorubraceae,Salinigranum,65.7,5,58.8,20,37,,,50,30
7045,Salinirubellus salinus,Archaea,Euryarchaeota,Halobacteria,Halobacteriales,,Salinirubellus,67,,59.8,25,37,,,50,25
7046,Salinirubrum litoreum,Archaea,Euryarchaeota,Halobacteria,Halobacteriales,Halobacteriaceae,Salinirubrum,65.3,,59.1,20,37,,,50,30
7047,Salinirussus salinus,Archaea,Euryarchaeota,Halobacteria,Halobacteriales,Halobacteriaceae,Salinirussus,69,,59.5,25,37,,,55,30
7072,Saliphagus infecundisoli,Archaea,Euryarchaeota,Halobacteria,Natrialbales,Natrialbaceae,Saliphagus,64.6,,58.7,25,37,,,50,25
7599,Staphylothermus marinus,Archaea,Crenarchaeota,Thermoprotei,Desulfurococcales,Desulfurococcaceae,Staphylothermus,35.7,1.6,67.4,65,92,,,98,33
7600,Staphylothermus hellenicus,Archaea,Crenarchaeota,Thermoprotei,Desulfurococcales,Desulfurococcaceae,Staphylothermus,36.8,1.6,66.8,70,85,,,90,20
7617,Stetteria hydrogenophila,Archaea,Crenarchaeota,Thermoprotei,Desulfurococcales,Desulfurococcaceae,Stetteria,65,,66.7,70,95,,,102,32
7811,Stygiolobus azoricus,Archaea,Crenarchaeota,Thermoprotei,Sulfolobales,Sulfolobaceae,Stygiolobus,37.6,2,64.5,57,80,,,89,32
7845,Sulfodiicoccus acidiphilus,Archaea,Crenarchaeota,Thermoprotei,Sulfolobales,Sulfolobaceae,Sulfodiicoccus,51.1,2.4,61.8,50,67.5,65,70,70,20
7846,Sulfolobus tengchongensis,Archaea,Crenarchaeota,Thermoprotei,Sulfolobales,Sulfolobaceae,Sulfolobus,34.4,,61.3,65,85,,,95,30
7847,Sulfolobus yangmingensis,Archaea,Crenarchaeota,Thermoprotei,Sulfolobales,Sulfolobaceae,Sulfolobus,42,,63.9,65,80,,,95,30
7848,Sulfolobus acidocaldarius,Archaea,Crenarchaeota,Thermoprotei,Sulfolobales,Sulfolobaceae,Sulfolobus,36.7,2.2,62.8,55,72.5,,,85,30
7849,Sulfolobus metallicus,Archaea,Crenarchaeota,Thermoprotei,Sulfolobales,Sulfolobaceae,Sulfolobus,38,,59.8,50,65,,,75,25
7850,Sulfophobococcus zilligii,Archaea,Crenarchaeota,Thermoprotei,Desulfurococcales,Desulfurococcaceae,Sulfophobococcus,54.7,,67.1,70,87,,,95,25
7866,Sulfurisphaera ohwakuensis,Archaea,Crenarchaeota,Thermoprotei,Sulfolobales,Sulfolobaceae,Sulfurisphaera,32.7,2.8,63.9,63,84,,,92,29
7867,Sulfurisphaera javensis,Archaea,Crenarchaeota,Thermoprotei,Sulfolobales,Sulfolobaceae,Sulfurisphaera,30.6,,64.3,60,82.5,80,85,90,30
7868,Sulfurisphaera tokodaii,Archaea,Crenarchaeota,Thermoprotei,Sulfolobales,Sulfolobaceae,Sulfurisphaera,32.8,2.7,64,70,80,,,85,15
8135,Thermocladium modestius,Archaea,Crenarchaeota,Thermoprotei,Thermoproteales,Thermoproteaceae,Thermocladium,52,,63.9,45,75,,,82,37
8136,Thermococcus fumicolans,Archaea,Euryarchaeota,Thermococci,Thermococcales,Thermococcaceae,Thermococcus,54.5,,65.1,73,87.5,85,90,103,30
8137,Thermococcus eurythermalis,Archaea,Euryarchaeota,Thermococci,Thermococcales,Thermococcaceae,Thermococcus,53.5,2.1,66,50,85,,,100,50
8138,Thermococcus kodakarensis,Archaea,Euryarchaeota,Thermococci,Thermococcales,Thermococcaceae,Thermococcus,52,2.1,66,60,85,,,100,40
8139,Thermococcus hydrothermalis,Archaea,Euryarchaeota,Thermococci,Thermococcales,Thermococcaceae,Thermococcus,58,,65.4,55,85,,,100,45
8140,Thermococcus peptonophilus,Archaea,Euryarchaeota,Thermococci,Thermococcales,Thermococcaceae,Thermococcus,51.7,1.9,65.8,60,87.5,85,90,100,40
8141,Thermococcus litoralis,Archaea,Euryarchaeota,Thermococci,Thermococcales,Thermococcaceae,Thermococcus,43.1,2.2,65.4,55,85,,,98,43
8142,Thermococcus radiotolerans,Archaea,Euryarchaeota,Thermococci,Thermococcales,Thermococcaceae,Thermococcus,55.6,1.9,65.3,55,88,,,95,40
8143,Thermococcus marinus,Archaea,Euryarchaeota,Thermococci,Thermococcales,Thermococcaceae,Thermococcus,52.3,,65.8,55,88,,,95,40
8144,Thermococcus gammatolerans,Archaea,Euryarchaeota,Thermococci,Thermococcales,Thermococcaceae,Thermococcus,53.6,2,66.3,55,88,,,95,40
8145,Thermococcus nautili,Archaea,Euryarchaeota,Thermococci,Thermococcales,Thermococcaceae,Thermococcus,54.8,2,66.4,55,87.5,,,95,40
8146,Thermococcus atlanticus,Archaea,Euryarchaeota,Thermococci,Thermococcales,Thermococcaceae,Thermococcus,50,,65.5,70,85,,,95,25
8147,Thermococcus barophilus,Archaea,Euryarchaeota,Thermococci,Thermococcales,Thermococcaceae,Thermococcus,41.7,2.1,66.3,48,85,,,95,47
8148,Thermococcus prieurii,Archaea,Euryarchaeota,Thermococci,Thermococcales,Thermococcaceae,Thermococcus,53.6,,65.9,60,80,,,95,35
8149,Thermococcus piezophilus,Archaea,Euryarchaeota,Thermococci,Thermococcales,Thermococcaceae,Thermococcus,51.1,1.9,65.8,60,75,,,95,35
8150,Thermococcus aegaeus,Archaea,Euryarchaeota,Thermococci,Thermococcales,Thermococcaceae,Thermococcus,45,,65.2,50,89,88,90,95,45
8151,Thermococcus pacificus,Archaea,Euryarchaeota,Thermococci,Thermococcales,Thermococcaceae,Thermococcus,54.2,1.8,55.2,70,84,80,88,95,25
8152,Thermococcus gorgonarius,Archaea,Euryarchaeota,Thermococci,Thermococcales,Thermococcaceae,Thermococcus,51.7,1.7,55.7,68,84,80,88,95,27
8153,Thermococcus cleftensis,Archaea,Euryarchaeota,Thermococci,Thermococcales,Thermococcaceae,Thermococcus,55.8,2,65.8,55,88,,,94,39
8154,Thermococcus aggregans,Archaea,Euryarchaeota,Thermococci,Thermococcales,Thermococcaceae,Thermococcus,42,,64.9,60,88,,,94,34
8155,Thermococcus stetteri,Archaea,Euryarchaeota,Thermococci,Thermococcales,Thermococcaceae,Thermococcus,50.2,,65.8,55,75,,,94,39
8156,Thermococcus thioreducens,Archaea,Euryarchaeota,Thermococci,Thermococcales,Thermococcaceae,Thermococcus,53.5,2.1,65.6,55,84,83,85,94,39
8157,Thermococcus siculi,Archaea,Euryarchaeota,Thermococci,Thermococcales,Thermococcaceae,Thermococcus,55,2,66,50,85,,,93,43
8158,Thermococcus acidaminovorans,Archaea,Euryarchaeota,Thermococci,Thermococcales,Thermococcaceae,Thermococcus,49,,65.8,56,85,,,93,37
8159,Thermococcus chitonophagus,Archaea,Euryarchaeota,Thermococci,Thermococcales,Thermococcaceae,Thermococcus,44.9,2,66.6,60,85,,,93,33
8160,Thermococcus barossii,Archaea,Euryarchaeota,Thermococci,Thermococcales,Thermococcaceae,Thermococcus,54.7,1.9,66,60,82.5,,,92,32
8161,Thermococcus paralvinellae,Archaea,Euryarchaeota,Thermococci,Thermococcales,Thermococcaceae,Thermococcus,40.3,2,65.8,50,82,,,91,41
8162,Thermococcus guaymasensis,Archaea,Euryarchaeota,Thermococci,Thermococcales,Thermococcaceae,Thermococcus,52.9,1.9,65.5,56,88,,,90,34
8163,Thermococcus coalescens,Archaea,Euryarchaeota,Thermococci,Thermococcales,Thermococcaceae,Thermococcus,53.9,,65.8,57,87,,,90,33
8164,Thermococcus alcaliphilus,Archaea,Euryarchaeota,Thermococci,Thermococcales,Thermococcaceae,Thermococcus,42,,65.8,56,85,,,90,34
8165,Thermococcus waiotapuensis,Archaea,Euryarchaeota,Thermococci,Thermococcales,Thermococcaceae,Thermococcus,50.4,,65.8,60,85,,,90,30
8166,Thermococcus onnurineus,Archaea,Euryarchaeota,Thermococci,Thermococcales,Thermococcaceae,Thermococcus,51.3,1.8,65.8,63,80,,,90,27
8167,Thermococcus profundus,Archaea,Euryarchaeota,Thermococci,Thermococcales,Thermococcaceae,Thermococcus,53.1,2,65.9,50,80,,,90,40
8168,Thermococcus sibiricus,Archaea,Euryarchaeota,Thermococci,Thermococcales,Thermococcaceae,Thermococcus,40.2,1.8,65,40,78,,,88,48
8169,Thermococcus celericrescens,Archaea,Euryarchaeota,Thermococci,Thermococcales,Thermococcaceae,Thermococcus,54.6,,65.2,50,80,,,85,35
8170,Thermococcus zilligii,Archaea,Euryarchaeota,Thermococci,Thermococcales,Thermococcaceae,Thermococcus,46.2,,65.9,55,77.5,75,80,85,30
8192,Thermodiscus maritimus,Archaea,Crenarchaeota,Thermoprotei,Desulfurococcales,Desulfurococcaceae,Thermodiscus,49,,67.2,75,90,,,98,23
8193,Thermofilum pendens,Archaea,Crenarchaeota,Thermoprotei,Thermoproteales,Thermofilaceae,Thermofilum,57.7,1.8,65.2,85,87.5,,,100,15
8194,Thermofilum uzonense,Archaea,Crenarchaeota,Thermoprotei,Thermoproteales,Thermofilaceae,Thermofilum,47.9,1.6,65.4,70,85,,,90,20
8200,Thermogladius calderae,Archaea,Crenarchaeota,Thermoprotei,Desulfurococcales,Desulfurococcaceae,Thermogladius,55.6,1.4,66.6,80,84,,,95,15
8201,Thermogladius shockii,Archaea,Crenarchaeota,Thermoprotei,Desulfurococcales,Desulfurococcaceae,Thermogladius,51.3,,66.5,64,84,,,93,29
8204,Thermogymnomonas acidicola,Archaea,Euryarchaeota,Thermoplasmata,Thermoplasmatales,,Thermogymnomonas,56.1,,58.1,38,60,,,68,30
8225,Thermoplasma volcanium,Archaea,Euryarchaeota,Thermoplasmata,Thermoplasmatales,Thermoplasmataceae,Thermoplasma,39.9,1.6,54.7,33,60,,,67,34
8226,Thermoplasma acidophilum,Archaea,Euryarchaeota,Thermoplasmata,Thermoplasmatales,Thermoplasmataceae,Thermoplasma,46,1.6,54.9,45,59,,,63,18
8228,Thermoproteus uzoniensis,Archaea,Crenarchaeota,Thermoprotei,Thermoproteales,Thermoproteaceae,Thermoproteus,59.7,1.9,67.6,74,90,,,102,28
8229,Thermoproteus tenax,Archaea,Crenarchaeota,Thermoprotei,Thermoproteales,Thermoproteaceae,Thermoproteus,55.1,1.8,67.6,85,90,,,96,11
8230,Thermoproteus thermophilus,Archaea,Crenarchaeota,Thermoprotei,Thermoproteales,Thermoproteaceae,Thermoproteus,62,,68.3,75,85,,,90,15
8244,Thermosphaera aggregans,Archaea,Crenarchaeota,Thermoprotei,Desulfurococcales,Desulfurococcaceae,Thermosphaera,46.7,1.3,67,65,85,,,90,25
8518,Vulcanisaeta moutnovskia,Archaea,Crenarchaeota,Thermoprotei,Thermoproteales,Thermoproteaceae,Vulcanisaeta,42.4,2.3,65.8,60,82.5,80,85,98,38
8519,Vulcanisaeta distributa,Archaea,Crenarchaeota,Thermoprotei,Thermoproteales,Thermoproteaceae,Vulcanisaeta,45.4,2.4,67.1,70,90,,,92,22
8520,Vulcanisaeta thermophila,Archaea,Crenarchaeota,Thermoprotei,Thermoproteales,Thermoproteaceae,Vulcanisaeta,43.1,,67.3,75,85,,,90,15
8521,Vulcanisaeta souniana,Archaea,Crenarchaeota,Thermoprotei,Thermoproteales,Thermoproteaceae,Vulcanisaeta,44.9,,68,65,85,,,89,24
8607,Zestosphaera tikiterensis,Archaea,Crenarchaeota,Thermoprotei,Desulfurococcales,Desulfurococcaceae,Zestosphaera,41.9,,65.1,60,82.5,82,83,90,30
